-5.045258489995142,4.870622936651964,0
-0.072805814585095,-10.96324670973501,0
2.024624481661,-3.727458601997304,0
7.324879085566303,5.143846958738845,0
-5.384498955348921,4.16972750261429,0
8.116064526990643,-5.785052877117076,0
3.557584167012428,7.682564685827571,0
-2.74420852877701,-10.86467079950614,0
9.549926376435366,-0.9997236763861448,0
9.202876095236796,1.465266301686296,0
9.569134061280222,0.002239666274486046,0
3.824581674323043,-9.766303378149935,0
-5.336917828768167,4.543143319923558,0
9.612012447277372,-1.340817208774662,0
-6.105203935927483,2.922383522312143,0
2.761741835531656,0.8140239524462525,0
4.124413326608583,-9.759931110988774,0
7.873857489301873,4.468428062062342,0
-5.32415697367396,-10.05518110395058,0
-6.178088770299504,1.095330623373833,0
5.500054591622447,-8.957936438078967,0
8.988068537102281,2.262425040748289,0
0.5513435552764548,7.901265102250826,0
-0.1613338292278887,-11.00679208082121,0
2.256881016073239,-3.531690151760436,0
-5.450890819973424,-9.926333807648538,0
2.117617166365672,-10.56058418025532,0
8.428256838120067,3.497379835870515,0
3.371608009298755,-0.8011697371347793,0
7.515249760748997,-6.811218663233909,0
2.667555180243669,-2.961680892864055,0
-5.647091660729386,-1.804038502579137,0
9.412594488361844,-3.028046824207472,0
5.375440001656369,6.88396436426588,0
-5.330264222523098,-2.196061894081493,0
-4.599035852872461,-10.31981491433524,0
3.2344335859486,-1.916286164569724,0
8.689271196464952,2.92901111897293,0
-4.849199718826218,-2.81931604771109,0
4.028788817507484,-9.773471948109215,0
2.88641482362287,-10.17983443818433,0
-5.108580142860594,4.774468065777044,0
8.588966773734107,-5.026931359040089,0
8.038439648949149,4.219321179832647,0
-6.19613385845793,1.392428604468498,0
-5.643648197764749,-1.739971235280247,0
0.353035628153571,7.890033418611649,0
3.42702646603706,-0.5942409701925238,0
3.21516691115322,0.09411662764220471,0
8.42695257362602,-5.69267576053721,0
4.677800493202859,-9.442820764845594,0
5.007798618908465,6.969357908825095,0
-3.51150206770835,-4.055298226530855,0
6.576612091780309,5.911429424861004,0
0.4545002921471386,1.942926359249457,0
6.014620321772991,-8.429076133324717,0
6.380491933900342,-8.143175130530347,0
2.472904760944047,-3.206478749047705,0
-3.784541825098483,-10.61092466386212,0
-2.875743546998174,-10.66454414435635,0
7.978163108628435,-6.124367028666093,0
-4.831636378479045,-10.28823320562676,0
0.3553407395554956,7.993119656623755,0
2.965668415312556,-2.446958184795998,0
8.068270289550053,-6.067427458272227,0
1.342490077157314,8.045650322154055,0
0.3950100318405692,-4.574390806478327,0
0.3340903094964038,-4.559640584042111,0
2.479191930060705,-10.46414025591601,0
7.696357785062061,-6.73090557517226,0
9.653744519930058,-1.033583938799062,0
4.026480087947442,-9.753104463349446,0
8.978955743007512,-4.107011830878109,0
5.653178955343115,-8.756241782026603,0
-5.838807170668455,-1.24390310499951,0
3.339768835660741,0.03190377754516896,0
8.668182206033983,-4.935769005180759,0
9.109966292661396,-3.898014919966835,0
-6.227498708664951,-0.0500924676746753,0
3.233972429547505,0.1324489954420487,0
-2.929341323949057,6.867859073074765,0
9.38640209957655,1.129423301834553,0
-5.738889483326829,3.824930140139309,0
0.1799831536615607,8.039033460873478,0
-0.2790068596624979,7.97321357773784,0
0.4250810831200049,-4.5949545202993,0
3.48581043363666,7.680504830086791,0
-3.779971776877374,-3.777204873686877,0
-4.446840955292027,-10.40903457538728,0
3.368827029301059,-1.479202036976086,0
9.084027907191516,-3.709584549879279,0
-3.365539378104639,6.566171320209039,0
-0.09736634357138652,-4.625646145126688,0
0.3458183402260062,-10.79872421457952,0
9.369041313714709,-2.812423998271254,0
-6.222094440405538,-0.03298065284338753,0
9.101129525600836,-3.846884647329635,0
5.479845672293212,6.740113748068929,0
6.00168980549153,-8.481734678641791,0
-6.316149310184103,1.579773513629258,0
-0.8595663883465148,-4.677557280070679,0
-5.625785436917638,-9.832661571571897,0
-0.281695275935429,-10.88086966976616,0
-6.05801822938988,2.272778653418579,0
-4.529867576832924,-2.973636324620302,0
-3.837658658544701,-10.65794414685746,0
8.860221748895334,2.762104292259931,0
9.59298795887719,-0.02874960940519837,0
-5.832939131900271,-1.261283973782348,0
-5.177294734739556,4.72781647496659,0
4.315266668434076,-9.724917159249735,0
3.412673721279015,7.6729761976764,0
-5.712036067120397,-9.818302837302561,0
-6.073963061200432,0.09113714209804652,0
9.40959953366607,1.009637288734769,0
-5.372785645647021,4.350716512069889,0
5.017712510019616,-9.225885903077861,0
2.761874473993433,0.8149663741922748,0
-5.215238164300591,-2.261652853739031,0
-1.562293044731601,7.450531464228828,0
-3.727763402863867,6.238441210793289,0
6.740512275004996,-7.704964968415083,0
3.322222937667467,-1.782048320481931,0
9.005210230641556,2.412499279243173,0
-5.420911985981385,4.496547727154574,0
0.5562976524566814,-4.464883330770528,0
2.912893065903589,-10.36834523598045,0
-0.4605056342277236,7.789985478539724,0
-4.551354596746454,5.700856271430934,0
6.94279317643681,5.527982724605087,0
-3.430190004413508,6.678859216257159,0
1.589371275822657,-3.93296917551101,0
4.622178995518103,-9.491092904758936,0
-0.8286540142210067,-4.688468461796604,0
-0.5569186411864,-10.84333055976812,0
-0.7961052999903131,7.866395630131829,0
-5.253442487984152,-10.12404040451681,0
9.620852813507769,-1.096962775423811,0
-1.271013400321411,-4.731613796143106,0
-2.613655051688351,-10.8568864236399,0
7.838256022001637,-6.479497269604781,0
-0.2508535057873147,-4.641870973773622,0
-5.607827141128397,-1.617612801146779,0
-6.099162497430533,-0.471331246055628,0
6.973706633660371,-7.610715648504486,0
-4.898397853360327,-2.755128978187297,0
6.749726594344386,5.757895493923449,0
-6.122225989169933,2.632343313269279,0
8.117027176921464,-6.056774747063002,0
1.678784909887288,-10.54385149660008,0
2.395268157959201,7.909777649626484,0
3.251513257130038,-0.03605900773876024,0
7.158992952703373,5.421264548065343,0
8.134551374565216,-5.866358176102202,0
6.49544889228759,6.009395231660517,0
-3.807581705001692,6.246753219869384,0
-5.974593711246084,3.30714813546624,0
0.7660633087400469,-10.87832521152615,0
0.6865797733953398,-10.86356701895676,0
9.650089583711186,-1.482233986497076,0
2.899661919497127,0.8009017737862107,0
3.109757235189887,-10.15602193314391,0
-6.186149334523891,-0.05599422361560642,0
-1.545798029752367,-10.85551413676461,0
-4.48781507101724,-3.256875542954153,0
-0.6850924771796365,-10.99637910155828,0
-5.447864853994589,4.023986330481682,0
-0.2468643539163327,-10.99488109230846,0
8.174974363583649,4.097981554422345,0
1.580150989504581,1.862094661209774,0
3.385228184874952,-0.6736197078004581,0
9.658076830423347,-0.4933467152908768,0
3.268764135148897,-1.434002393908768,0
0.6495013103346239,-4.55109919192917,0
9.22893260589372,1.263518482209938,0
1.358271803929181,-10.60737051337303,0
-0.1582546580858024,-4.661460150185214,0
7.893527964502848,-6.327626215775345,0
-1.55640631400299,7.433597339966131,0
-5.250308124264531,4.58477059990603,0
-4.186261529479186,5.839621476004139,0
3.246737866379007,-1.998396083500627,0
-5.008979273107487,5.028180907149059,0
3.167826187280951,-1.957220602535525,0
3.739121061595574,7.536095197025321,0
7.083720726096109,-7.222014194338612,0
-3.124572253842854,-4.195203820198582,0
1.782684979393274,-3.851309753366149,0
9.376009559128702,1.249201361202957,0
0.6543207694338363,-4.482833208196142,0
9.062203846967943,2.305785257825555,0
7.230314544981825,-7.336504859156806,0
6.247684017156794,-8.21328440908348,0
-3.010192738931984,6.81544422444883,0
0.9611651430833568,-4.387197923293439,0
-4.293985114843413,-10.29271632323288,0
-3.685441630468357,-3.790212580082773,0
-1.613665534315275,7.605601466508172,0
9.257509710812714,-3.229171020135754,0
5.590414456312519,6.523563649813065,0
-5.333344893558912,4.409597437004506,0
-3.454109126396176,6.533388238227221,0
4.210886289073526,-9.706814585173952,0
1.322954433643234,7.942643919590912,0
6.763923760735786,5.842332942513981,0
2.793714152733807,-10.25807451581056,0
-2.986236301995886,-10.80132298817306,0
8.868161081294028,-4.594762591386638,0
6.904586573083243,-7.50080283027778,0
2.568729973430729,1.352310445650227,0
0.9375479112707081,8.013250307866134,0
1.642173885739925,-10.67092132309502,0
2.896599062594067,-2.47034304209425,0
7.998411780718181,4.285391141186306,0
-1.128160657474065,7.650088965347065,0
0.6245456373643918,-4.381022912145959,0
9.467928994000031,-1.376354414629569,0
-4.628708544266712,5.459513892169167,0
-2.606529355973892,-10.8320013578628,0
-1.03862533161887,7.81312534711574,0
-4.382163290013821,-3.245002866177478,0
9.411423532680356,-2.155430417067614,0
8.666073130167749,-4.851795122813204,0
8.800017486239559,2.86751705428778,0
-5.845631595592025,3.704306264343963,0
-2.971955422247636,-4.240318799324635,0
4.380093202063882,-9.516690463717527,0
8.246099658597799,-5.92719851140966,0
-3.845592584956869,-3.79221488238233,0
-5.579561952751551,-1.918604964383954,0
2.960391948788783,-10.18510582669926,0
4.136565938434392,-9.728346365562894,0
5.997245666606312,6.334244730698746,0
1.152973190642254,-10.66958919073401,0
9.493408889752619,-1.069432079042794,0
-5.675049651431597,-1.321022572779804,0
-1.504917923499824,7.690148928652961,0
-1.513930736625273,7.47067129129457,0
3.320028938347626,7.624540635663597,0
-4.551224245148959,5.529637321312232,0
9.12402509379768,-3.539628092760651,0
6.989621534887669,-7.521404178510918,0
8.420488996918088,3.585972606545283,0
-4.586857091146604,5.55901533395174,0
-2.350612164655464,7.160124367325426,0
-5.525423324394867,4.307807051617853,0
5.350772250695321,6.928496382594122,0
-4.321239019799135,5.73656157291422,0
4.870425530935466,-9.220260304827864,0
8.161229488537472,-5.95253000797317,0
-3.035333230769308,-10.64552050632565,0
1.229847300029682,7.975680127383462,0
4.140324615267079,7.453634468299265,0
-2.359554737312583,7.249723829045312,0
1.153445755718959,-4.271614191214606,0
7.769632896733204,4.708794353683416,0
7.124181819906401,5.308051631764033,0
-6.316744432637126,0.5311324142377983,0
7.350621073630672,5.282455115803171,0
1.11125930138416,1.903098000145529,0
9.069180237857859,2.147276614678956,0
1.439548571592876,-10.62732739468037,0
3.088899290098856,0.6591093236623693,0
7.059365651735994,5.33438558430715,0
3.176089044236305,7.810789543860628,0
1.539820453428914,1.825313488305049,0
-6.176284915476314,0.009497030826721153,0
-1.214240345321465,7.625389426597054,0
3.950841526606404,-9.683671341536712,0
-2.145784729460542,7.229426190061238,0
-5.829033342801318,3.625316974396317,0
5.920850948457947,-8.569382081459521,0
2.809807154864674,-10.19607606836208,0
6.277548193023013,6.049312366979835,0
8.379194456656418,-5.457732624737597,0
4.013271421935329,-9.901554567665583,0
9.424088713270031,-2.942952285793483,0
7.1111447703666,5.371504450214906,0
8.69449033577169,-4.698241841893113,0
7.727463650027777,-6.639266181383405,0
9.370043633628676,-2.534705610649703,0
8.500447427487233,-5.565051466084681,0
5.495370963151551,-8.872647039863837,0
-3.131237975885508,6.740339039025529,0
9.477107093739058,0.4958388302360735,0
4.114833380228874,-9.708389345589046,0
8.952635776596638,-4.486046856740481,0
7.963913140288438,-6.363658185150235,0
-1.967097389015522,7.414431475250303,0
-0.4142418966367527,-4.7064138135928,0
-5.364845778794924,4.534350562538032,0
6.308172371080092,6.115933983927263,0
6.029570862509959,6.302034143283068,0
-1.840210367802942,7.450449564757619,0
-5.598369789005046,-9.980124841457716,0
-5.331907622149848,-2.185332558904618,0
3.720597157951029,-9.960179090807982,0
6.192124884313672,-8.289540645651156,0
-5.902394310290904,3.410957956177784,0
2.192071116023091,7.840694814354211,0
9.369960820630183,-3.245964851862199,0
-0.9621719013791113,7.661172905009175,0
8.56667285596305,-5.364837776980191,0
7.795906714025127,-6.456290959290342,0
1.637098938566647,-10.74407042557624,0
-5.454362914566679,4.241596367672472,0
-5.284576439752097,-2.153275661135827,0
-0.8234127831333081,-10.90781703362631,0
6.896220731083443,-7.534456923124373,0
-4.60043260068223,5.430544521154828,0
7.093657102493509,5.543961811033514,0
1.166499423098045,-10.70026690341048,0
1.901833235246244,1.751051507158488,0
0.01405976588174612,-10.96162807908672,0
-3.253021403022365,-4.012837714373081,0
-5.153674148520468,4.716060881165492,0
-0.005585717861038064,8.008080245116934,0
5.558005371462128,-8.835449351317839,0
5.444492130716589,-9.021153992362796,0
4.570708582787288,-9.449737570091683,0
-0.9056657703784409,7.714562128826411,0
-5.857233836653331,-0.7831479140806826,0
8.212501658002953,-5.931577629609218,0
3.075710266955277,-10.23260629396681,0
-2.957782976357348,-10.85484362410697,0
2.627425724140568,-3.176106853668367,0
2.175893180248329,-3.574423062708689,0
-0.4587924173176649,-4.719831531507406,0
-2.555969928911579,-4.398879845332436,0
0.6091923848762917,8.026099123872134,0
9.310581062931391,0.8712802073903709,0
-4.777995667164872,-3.052361215021163,0
-5.685310320387198,3.787454844142283,0
1.822261731739496,-3.862525838689665,0
1.004141639668772,-4.303353983012838,0
-4.698540482604625,-3.01563808256276,0
5.368283983863466,-8.970066777832743,0
8.665743480855191,-4.956582229671021,0
2.345184294457877,7.961392873891408,0
4.81416116808214,-9.201268974657628,0
5.124166593369945,-9.149662641721594,0
-5.606906529224611,-9.841708903722234,0
-6.226120591905071,1.990471186915878,0
-3.37041938237321,6.634537487747856,0
-2.390086981585538,-10.75115414103252,0
7.120423613314627,-7.343028052796527,0
-5.180147722598336,-10.04696417720613,0
-5.678555354993934,-1.603060007705535,0
-0.06988637219069768,7.990850875267409,0
-4.943611975917379,-2.821806175013552,0
-5.75223249865954,-1.326697977861432,0
0.8955542623917284,-4.29649085427696,0
1.861715998426011,7.972831793198107,0
-5.615613685434021,4.181464835404716,0
-4.268145181859115,-3.377885315137834,0
8.90987660702231,2.279578201609999,0
2.686511586385596,-10.24510700209173,0
-6.1572662607548,2.032651734599626,0
8.936751237972736,-4.437891783883373,0
-4.53960746598484,5.590163195500566,0
9.24063938120138,1.469585303519126,0
7.943544540446556,4.435543655366676,0
-5.003629663992617,5.055058176646069,0
-0.4069112015366536,-10.93039835069104,0
-6.056108570278576,-0.4969175499473182,0
6.037757357103657,6.305113982019003,0
8.916433206472933,2.325642416843808,0
-6.232616816375403,1.954124552259426,0
7.250191537024414,-7.155309101329555,0
8.365844291388454,-5.696403682067786,0
-0.6293247973549339,7.877389967990467,0
-4.490551004518696,5.519919127343813,0
1.273798968718085,-4.195760358520783,0
-0.9964510567261657,-4.725164593411261,0
5.10634284253856,6.998629490481725,0
-0.4794558334556319,-4.700779154587148,0
-5.830335177527557,3.592102439852868,0
4.166138232376149,-9.699492650282053,0
-2.65328534867246,7.049821187913285,0
9.174028192086496,1.726824390855508,0
-3.50804891402634,6.489001156320126,0
-4.96623049824796,-10.23269427266911,0
1.242610523615163,-10.79354575790261,0
9.136915681788702,-3.912247066905638,0
2.873651978047042,0.9967294366286265,0
-4.44007272203513,-10.33126324298844,0
-0.3744968622295655,-4.606608540992469,0
6.894365957298299,5.47011369326141,0
-6.156844267565645,2.118787492312234,0
9.524005997889134,-2.089403983997749,0
8.357149481851518,-5.397263159358303,0
1.572217339342411,7.926253724417413,0
9.493873963072986,-2.32220389412581,0
3.550723315490641,7.555412363111968,0
-0.7760055209060214,7.854096656794351,0
9.477586295710775,0.1820055924474931,0
-3.095622588424357,-4.224004431791927,0
6.014460735581516,6.416401595223193,0
2.073053991080957,8.057600638940224,0
7.933341599104883,-6.404335403855086,0
-2.866042523829995,-10.79499962342634,0
8.819454873238872,-4.626756914996895,0
-5.387288069124262,-2.151164346714018,0
2.993514732174705,0.7197006541902543,0
4.112492393004744,7.321091307462729,0
-1.334776533604394,-4.768284027081557,0
4.224251311013425,7.30320253404646,0
7.289703523982467,-7.18282586755834,0
9.551660223770599,-0.6906036588182858,0
3.938977957348521,-9.774315337338811,0
-1.63593744154939,-4.741809676308455,0
7.179359596873718,5.185264838737543,0
3.26809566246856,-10.03983619161072,0
8.955987213647177,2.35392552858145,0
-4.437420640723269,-10.42325558394443,0
-2.128562055215912,-4.571857650064169,0
-1.300354044047265,-4.710915038975983,0
-3.111593302598847,-10.7266244324586,0
8.71914566799415,-4.747892515333964,0
1.299537511780284,8.049666107824093,0
6.838217069439112,-7.668533330455236,0
9.649237860034177,-0.234024817351047,0
-3.672341146473981,-3.85507143548667,0
9.359224277825296,-3.362970978805826,0
-3.963342556648807,-3.74449910870538,0
-6.271762342762222,0.5302719592997225,0
-0.8847000501253175,-11.01385851537345,0
0.02414809570517204,-4.613012800086008,0
6.982040189536225,-7.424678148526759,0
3.114479811882634,-10.17697523255016,0
-0.9273222327146443,-4.670169328081291,0
-6.054908962452067,-0.3934519538294327,0
-5.560757456725812,-1.658340134440688,0
-6.302371236097944,0.6233873648473285,0
8.343608539816538,3.732766891228227,0
-2.727533264494081,-10.76378396543337,0
8.543805044971837,-5.31272546405761,0
7.709950392309499,-6.631616598994307,0
8.023094470684264,-6.045089801403756,0
8.425758210149692,3.560815435758514,0
2.439131248609361,-3.420603795364112,0
8.667261568118082,-4.805215616467566,0
8.207154750574984,-5.99128378291479,0
-3.28825691291609,6.511643882031702,0
-5.607860316540015,-9.918429790813761,0
3.3141678424668,-1.326732585680897,0
2.80964364384282,-10.32120568679558,0
2.49186001063653,-3.290825832980148,0
-6.186728661622847,1.0568081859513,0
-6.159271207023409,0.7532447346926071,0
-6.167662213391666,2.020810503295951,0
-3.126939180371973,-4.218638401530476,0
6.880800400825375,5.642067090643318,0
3.010686996860633,-2.538012271659825,0
-4.22943023291741,-3.442107623140788,0
9.171791160135426,1.830075296216705,0
6.486477630371898,5.994293314694296,0
9.489860986694772,0.01323154555873055,0
2.897490526016294,-2.517317643745678,0
8.782324085455457,3.001238803667893,0
2.597575544310145,7.786445271658899,0
7.51483578312628,-6.888758403062611,0
9.598965823670891,-1.403148872793615,0
-4.644968760942809,5.552079357359363,0
9.243901012812787,1.772443521036994,0
-5.442893930282585,4.367902367202769,0
0.336618376343239,-4.56914962606911,0
5.595486046832582,6.583257693837951,0
-0.6202220386147792,-10.90530031150546,0
0.4358263833188584,7.985209468511775,0
-6.187984865607964,1.723344464370847,0
3.051061114473025,-2.297748599372794,0
0.6859768383460312,-10.75949391069577,0
-2.700760124896838,7.000319842633993,0
-0.03617144202901967,-4.560175105135212,0
-5.857925894551441,-1.339974390509734,0
-5.285891538332539,4.417047704625631,0
9.554384797268623,-1.408077095973072,0
6.784307863070698,-7.621219987178264,0
7.127985676109357,5.25454675399858,0
3.056330474758244,-2.510353427272556,0
-5.197225728635107,-10.19215141077783,0
9.27585002511875,-2.968146432683392,0
9.628686634170659,-0.4099010842474935,0
-5.489067167883394,4.017705044844976,0
9.64192652942504,-0.4298916051167849,0
5.948916839429301,6.291528045760688,0
-1.921843055815908,-4.519657333042715,0
6.445832797729389,5.859683502007887,0
6.814343325449616,-7.621437392496312,0
-4.176350910715199,-10.37248942494863,0
-5.381567241496515,-2.013102097126572,0
7.344490624259542,5.168488503485829,0
1.891630776130457,7.945390254408367,0
9.438929694992018,-2.273071430441347,0
-6.229816501524979,-0.01605070737539439,0
1.881311985024868,-10.51537523370571,0
7.38865094367485,5.06908849347781,0
0.7309624074120504,8.011187845364979,0
-4.353192149460908,-3.324604128506211,0
1.307670060946121,-10.78955358736184,0
1.338103230370209,-10.69995833450273,0
2.564012529924192,-10.2828984088689,0
0.5624400893247673,-4.45032399657533,0
5.536804690782425,6.765024177244556,0
-2.919175343242522,-4.22805498777409,0
-5.60458127001182,-1.515366823853879,0
9.438995062177115,-2.051908895007796,0
9.473904989170116,0.9776209765778431,0
4.25443333846915,-9.587498691461024,0
-0.01484507599277199,-10.85615408586096,0
1.543809670807917,7.951463653850655,0
6.182201954868203,-8.247758542221957,0
-5.365959749903759,-10.04131266452798,0
-0.6466765201698343,-4.774561404298824,0
-1.935327646408991,-4.521839661143483,0
-0.723138671625869,-11.01174375829064,0
9.280737081208507,-3.182100626869482,0
3.441011607168735,-1.233209642986015,0
4.761125776847278,-9.35289185413623,0
0.4206712211929044,7.965748494573869,0
-3.548541308118372,-3.905708164543364,0
1.455355209314358,7.972093136146329,0
2.45166616172689,-10.40971393864026,0
-6.190282678213886,1.930586043658286,0
0.002277676210259733,-10.84053184293672,0
-1.597288097193544,7.56940290441058,0
6.529222759901596,5.935708649357284,0
2.945487796009587,-2.373183673921626,0
7.324215745533479,5.097431075870815,0
9.527464986826862,-1.473314706649974,0
3.327622369199574,-10.10680207328727,0
-0.1586504612167864,-11.00071569185041,0
7.58483101858624,4.971196115836377,0
8.285641067777666,3.947517716792047,0
-5.268404781995986,4.616556114479711,0
9.009522994369142,-3.854303534289385,0
-5.08422628186519,4.786247232000074,0
9.310108652672481,1.103636218399157,0
-2.663787543481001,-4.43194098191382,0
-0.2233095210436399,7.973832285848903,0
3.807027059194262,-9.764044159400308,0
-4.486880399266545,-10.32921787005426,0
3.30645613936228,-10.12741695911896,0
7.689855353973082,4.758890327016464,0
8.778610067707643,3.12800440879686,0
1.237136232870824,8.02225377078045,0
9.563698939055518,-0.6028426246345997,0
-4.670959332539133,5.308802112651245,0
8.357098425186519,-5.729687474333145,0
-3.376834185145594,-10.73977107587535,0
4.698963698378021,7.164208175031828,0
4.777926275057617,-9.252099438958115,0
8.925003265598667,-4.510907687112542,0
6.025754729716239,-8.355665037582744,0
-0.8303435211273094,7.724792827894203,0
9.390819797453066,-2.432925237136891,0
6.1519461288607,6.276017346477971,0
6.917332990670019,5.598054858710364,0
9.445199893088102,1.108511603708214,0
2.945066573937886,7.788109527450708,0
-0.9414114720750179,-11.04018717430269,0
-1.778235827341783,-10.88105439707855,0
0.187329896203168,-10.82448991572025,0
-5.392966687127434,-2.138211647341179,0
9.505696563268183,0.5996283079584486,0
-4.03983771089733,-10.42483065892665,0
8.269749783739842,3.913041869704317,0
-4.318946749067413,-10.49526521667961,0
2.183249269715514,-3.607863480717234,0
1.227713812850665,-4.243097545684024,0
-5.572420131807172,-1.618821044758836,0
0.1795515281514157,7.961215663926958,0
-3.893953799913716,-3.709950338516431,0
7.477360364105635,5.054351891050771,0
6.677111424157514,5.775699795178828,0
9.256905722164355,-3.09801632913479,0
-5.837172111718901,-1.155955556747847,0
-3.064432426011365,-10.77054585082969,0
5.426311759680465,-9.017460999945191,0
1.49670871956073,-10.66911076036212,0
-5.819436644994875,3.535582163335287,0
-3.97958282347618,-10.54452031762325,0
7.809209939728811,-6.470391051312882,0
-5.070652375315886,-2.405691800584002,0
6.681059715710287,-7.881200477945941,0
-2.514896406139101,7.021567726826534,0
5.362656145424981,-8.994172769069742,0
-4.304263324054757,-10.3954426872533,0
5.187155367658974,7.024818147827856,0
6.619758739379986,5.722979518884925,0
4.154802159757891,7.321732875561259,0
1.694009271756994,7.965522664811712,0
2.707638927508997,7.781917916596694,0
-5.307579485737799,-2.174271570826071,0
2.612644302955907,-10.3966992904131,0
5.207406169420723,-9.083805183790073,0
0.2580198928984763,-10.81294800016743,0
-3.028586046523385,-10.76734399272934,0
3.847883031727153,-9.940373847389681,0
8.995884321063683,-4.229001655710179,0
-2.682226554175742,7.128256999782604,0
2.842077145541724,-2.763329690792919,0
-4.032319789878414,-10.39533297020215,0
-6.068009651196768,-0.1231835881010428,0
8.917883335409979,-4.365184046952953,0
-6.075105749318346,-0.6453715450642198,0
6.167132440228359,6.20863762398131,0
7.607899513281247,-6.909975391066982,0
3.28630068384346,-1.933385391624821,0
9.466049317270777,0.6963444521390837,0
5.205921274389375,-9.068359332140835,0
-5.477279867579912,-9.882791840433242,0
7.435233052879614,-7.08479815507054,0
7.51611734811673,4.88479465344064,0
-1.140178641792946,7.60397313985831,0
3.299154152280717,0.09031756512302683,0
2.382535924573077,-3.301912378799605,0
2.614878630139568,1.050243460110081,0
3.214238582023071,0.1262334707412811,0
9.569988331134399,0.02709009018153352,0
-5.217378329899819,-2.27234183233784,0
-1.584053381216396,-11.00703899288978,0
-3.550327607594821,6.484402287937812,0
4.8502780808216,7.204397634015482,0
2.67090910534901,7.919581447369305,0
-5.280157210924275,4.546637481359208,0
9.357091870140556,1.191225734871029,0
2.280052545301894,-3.622434429735993,0
4.472551976798385,7.242631642548069,0
-4.029633760755909,-3.518810383187427,0
8.407298537645721,3.621913203528139,0
5.619568424899579,6.701152497308451,0
-4.183832832121416,-3.395597280498675,0
6.108144528053939,6.329020235080851,0
6.593848930054294,-7.829277521292977,0
-5.592576644547445,-9.867052120601382,0
-2.424465898532295,-10.92237965129577,0
-0.6851239917816516,-10.87388320735757,0
-0.399408537795785,-10.97003413670402,0
-3.807043323646007,-10.66970018486592,0
-1.46164264191332,-10.96898672366955,0
6.575944108203242,-7.849945784217992,0
3.964056282401772,-9.810371776156835,0
9.576602751931876,-1.495305685600995,0
-4.209396269632416,5.884258780901546,0
-0.9513518038789404,7.796617122444233,0
-6.106325576106312,0.135926141668775,0
0.7908555375254226,8.066606357180477,0
-1.219091939192618,-10.85823432767817,0
0.5570844213238964,-10.75449206548744,0
0.3390665279998572,8.02651138488868,0
8.215431739976657,-5.738421109088158,0
1.610240852127211,1.790450436246351,0
-4.126876762829976,6.062073473230771,0
-5.157861075644924,-10.00432116525452,0
4.737926879044148,7.090528567308713,0
1.234145647704251,-4.228437844388427,0
0.5083318323098415,-4.632076292880023,0
-1.987039881509069,7.36406663984045,0
-1.854442677317923,-10.85147498350144,0
8.050010455594444,4.254965767751166,0
-6.117690539466072,2.035994592437075,0
7.993577310262221,-6.182516654223224,0
-5.914940756849163,-0.9193517922039153,0
9.377496358212216,1.104713577819681,0
-5.429060842390864,-9.9588187718585,0
4.56121310159279,-9.533480021992748,0
-0.4189935136893872,-10.86381750435935,0
0.4288774441440946,-4.64390572078908,0
-5.720301675328972,-1.305524984752462,0
1.083551036999644,7.928054228974186,0
7.349696660023191,-7.120379268962493,0
-1.29948142366666,-11.00430306388233,0
1.490077924504194,7.980742570387928,0
8.705338198809153,3.245464219485932,0
9.236312841284478,-3.316187460286535,0
5.799682991176788,6.568858324589506,0
6.368571375959974,6.062974561598805,0
-3.000026507813866,-10.81721313302512,0
-0.6209205671967853,7.902739439226436,0
2.264516648124931,-10.52035795315678,0
0.008406381186426767,-10.94168025722027,0
9.530901661657303,-0.5257929358372672,0
9.600386357500204,-0.868153041383162,0
-5.286727079514082,4.321719287321564,0
2.57528114967844,-3.204802738473354,0
-3.349734627955477,-10.62458488873825,0
2.277804392885315,-10.43774561520516,0
4.885921612626897,7.093024742190645,0
-1.089170508529924,7.703326694498513,0
9.444161487670453,-2.95850889234221,0
9.107516187845995,-3.65680353114514,0
-5.271676380734876,4.477707216796634,0
9.406262160390996,0.6439080954219154,0
9.295897120461859,1.190599107068753,0
-5.071638781374809,-10.22814489250792,0
-5.717361985712476,-9.963558039677572,0
9.526548650508607,-0.08013222077581054,0
8.307469488374041,3.826161678584424,0
-4.294020856212104,-3.461588283732122,0
8.960790651643567,2.59865903789335,0
-2.193677061062643,-10.7978717649545,0
9.242625394380763,-3.21552090877172,0
7.012512468635484,5.53488195571238,0
6.807134624830595,5.689155842846353,0
2.799195573093031,7.758130360030965,0
-2.949432327997051,-4.229522347168063,0
9.56972171319433,0.364730093123178,0
0.02377929056056971,-10.93530008596233,0
-3.598372030375717,-10.56320977171582,0
6.192725446727218,6.234334066585628,0
3.508630246201015,-10.0470804025097,0
-1.372639667139441,7.521725582392452,0
1.244017696588363,-4.193664128621516,0
5.612097374146416,-8.689962475288004,0
7.92173482252914,-6.174551768177674,0
-5.703899860719653,3.889365420866258,0
-6.188387470835901,0.3289594167232697,0
-1.013668947419886,-10.96486507640875,0
0.141405712377567,-4.660950518356248,0
-4.802524595408264,-2.93874608070533,0
3.256319605194324,-10.16460788454176,0
-0.6478123543200052,7.832819979067053,0
5.987288226459638,6.395766549726622,0
1.407375071953108,1.874744140115498,0
1.590056152508973,8.053483577597842,0
-4.724003515750224,-2.934058074136389,0
9.330642948075868,1.208425721697902,0
3.297103512801053,-0.1203885340971502,0
5.80139398226186,6.585828227239181,0
0.9861900643284862,-10.76390966614518,0
3.231879194704046,-0.02330521015188344,0
0.762990360462757,8.039611515299837,0
-3.0724595678618,-4.114358241024298,0
7.453005664141592,-6.97707032022863,0
3.567370198126276,-10.10748701753399,0
7.439301980624506,5.016717742298412,0
5.745974849384518,6.649826143626981,0
0.1310775414421135,7.976111087726374,0
8.993864248600062,-4.228525564207859,0
9.55839171545437,-0.5218910967613368,0
-5.84496994275116,3.209242096509379,0
-5.538527108029499,-9.961099029697779,0
6.367206162078229,6.200130570947191,0
4.429788377513897,-9.506459535972214,0
-5.497408536918315,4.049354907136434,0
6.88907882785472,-7.66346612867141,0
3.28783330756197,-1.35044838611229,0
5.735534980394058,6.566382122213454,0
9.6337811065106,-1.404577998174499,0
9.494768967242511,-0.6015686156212717,0
7.006389945362145,5.370582876460086,0
3.396818396742962,-0.610555536140054,0
-6.182871063514809,1.493591212793578,0
1.181628309833127,-4.286680726128176,0
3.231759047240391,-0.2237517623850972,0
6.247136319000338,-8.179478758099849,0
9.234125102875442,1.918855982924816,0
9.405842312318951,-2.707037215253815,0
3.691524041610899,-9.805184800672075,0
2.034285162277141,-10.58559839386378,0
2.560928695159502,-10.28401362465273,0
9.584433427912506,-1.979709555806059,0
9.412535433766987,-2.321143628034774,0
0.8673095218285118,-4.375494904197026,0
8.79141200498343,3.014894908330817,0
-1.673237746822646,-4.685317136206451,0
9.231094348705618,1.813568926841308,0
-3.85452289775336,-10.49765040997507,0
-6.097205676074597,-0.0001234639884811518,0
-0.5349254364668052,7.946446727765347,0
-2.817652298782037,-4.304180166952657,0
8.561032501468086,-5.192573531139189,0
3.132595477602117,0.4685306869759432,0
8.335418064568081,-5.487617504291214,0
5.980011274134906,-8.370686438135358,0
7.462885771588408,4.865931252839012,0
9.550984953600244,-1.468703333082196,0
2.666643983631157,-10.34025062563098,0
5.919845838725061,6.381213543357728,0
5.496692521435968,6.58932035597013,0
-4.437736834062506,5.710001386677921,0
9.41597766053542,0.9933500359169268,0
6.239207993101745,-8.283631546719201,0
3.375431168671117,-0.8845487113689011,0
-0.9928090222047636,-10.94621601608844,0
-6.239505082975088,0.07633762524829583,0
1.667179531395599,8.055853217119456,0
7.539097048182598,5.047961454384801,0
6.693723051856129,-7.7746604488643,0
5.497194643165491,-8.773867400370884,0
9.548462442639545,-0.2501188521762977,0
3.121408485262679,-10.2414350816172,0
-4.649287114164176,-2.936892122843993,0
7.835593551933633,4.518721165008065,0
5.727913909646993,-8.578957480845027,0
8.90305807626126,-4.462475238823951,0
9.446544541460566,0.02576587280114756,0
-6.330452231261729,0.4569645887069667,0
-0.4857956476658906,-10.84294774272047,0
6.928607500019128,5.731008911830734,0
2.858752390406609,-10.31200924043139,0
8.172857045656681,-5.805775662432224,0
8.591281448548875,3.315503153183667,0
-6.025885752953089,3.092938697865718,0
-4.688166875342517,5.401474487928569,0
3.454320792494748,-10.09333150083724,0
-6.130263242518874,0.06717389082798922,0
-3.150241534613295,-10.70474847022999,0
0.3656911461212187,-10.8180230599822,0
-3.234597293624049,6.589231076667082,0
-6.217155184181877,0.7349205122858871,0
2.804209741359236,7.799710960132535,0
6.967818613178589,-7.361958671850877,0
-4.570663877605894,-10.3687097465222,0
5.239459726193015,6.814082160330082,0
6.143006304039498,-8.372756677248988,0
-0.9617445714582185,-10.90614618964749,0
3.102170194923767,7.849849254939811,0
7.656896479022056,-6.584574364248573,0
-5.84004417157392,3.268864640862326,0
1.036954757839581,8.034867852660081,0
1.119749192410204,8.031856636501205,0
-3.504026606675108,-3.963256393864994,0
8.871993128286858,2.605144032323933,0
-4.362899349813055,-3.404142727043451,0
0.37119693141196,-4.550347507425893,0
-1.560029265472679,-10.91522358257238,0
7.925964589619527,-6.3567255764726,0
9.534841285310531,-0.2919274327810906,0
-4.927655672348867,4.91273197143301,0
-5.461261840435117,-2.135001840821436,0
3.284039724769374,7.755125493922914,0
-2.409634798724122,7.108080792233121,0
2.667790465753676,-10.36566285076634,0
-2.756440393025975,6.890338343006833,0
-4.038471997047199,6.158317205380625,0
4.230114780125248,-9.701471553316928,0
-6.252479210185045,0.5149498686850535,0
-0.5203063175652883,-10.88537339565036,0
9.588015908181337,-0.1144593266663994,0
1.027276099979944,-4.254826370290845,0
7.787573656695832,-6.567114190152751,0
8.892025996078926,2.638355363219671,0
-2.358890355003227,-4.518997973441634,0
9.627213378286312,-0.6014492367303795,0
-5.516434234289967,4.305879219087906,0
4.224281501517059,-9.644548274665524,0
-4.62760421467975,-3.192120101808398,0
-0.6627854729516365,-4.629087117978065,0
8.613555706414942,-5.248030761349242,0
-4.057674427511859,5.976670069469777,0
9.104088272237295,2.054737871898487,0
0.3629546461612385,-4.614885425497328,0
3.334133446750664,-1.366852516228596,0
7.363033550942486,-7.239864674192338,0
4.369483777025621,-9.522820577042282,0
9.154453694753727,-3.36476786022457,0
-5.004973005447895,-10.22315708814359,0
1.879038806984436,1.73043394224593,0
-2.779798647906372,-10.88208872598264,0
-4.705211114457739,-10.36788826029594,0
-5.566228597445007,-1.873172036375821,0
-4.538525020178376,5.666229587120204,0
-5.849544372332666,3.304334757967701,0
-6.152301444101266,-0.5081527955075453,0
-1.466433646267787,-11.02193352304898,0
-0.2361152695319265,7.915369208950817,0
6.291725575811209,6.24924056017409,0
-4.714707789888521,5.279031742414653,0
0.5259339036201189,-4.457888710289692,0
3.152555947966249,-10.1785536410782,0
7.558797878505819,-6.886863208274876,0
-4.324457138994387,5.685677505139239,0
8.595647736566841,3.057695050188598,0
9.540534156281575,-1.742453894705131,0
2.344582796530929,-10.4337341199968,0
0.6543465846350306,-4.381311902964113,0
-0.1411202587451068,-10.84904443936994,0
1.469902735599318,-4.013703887498227,0
-0.4265411909136602,7.7896774091607,0
7.268109472672747,5.275877527501672,0
3.069441682548453,0.4134784363724414,0
3.177783685552876,-2.108808207151939,0
-0.6345939293722368,7.851995869316221,0
3.001493441706951,-10.29967956614797,0
-2.903933621277552,-10.76633239539376,0
0.1461272409491594,-10.89403771089761,0
6.500595076144243,6.038927966913089,0
6.958545166700237,5.567611530323618,0
-3.832912336198917,6.240559109291739,0
5.638860746545048,6.58789867275047,0
7.965688973807008,4.374609026373784,0
9.502153223754053,0.1082066115884452,0
2.547972296221635,-10.41289115877487,0
9.307500951175005,-2.66974034530964,0
-5.319509416996072,-2.075279164945983,0
9.469454051154589,-2.767387210326059,0
0.9051763728129183,8.034205429327004,0
-2.751483575932471,-4.262501542087012,0
5.114318721358695,-9.121259418272007,0
-6.246600941566638,2.009876069452554,0
5.33530684181965,-9.001020627572986,0
8.516635831443025,-5.109517335148757,0
0.8029388892783965,1.836085596856386,0
8.108709870840046,4.19085803952613,0
-4.882111249466614,-2.74236656625737,0
-4.493536896062512,-3.224977890536447,0
1.844904525910339,-3.869074950375511,0
5.31892274359567,-9.055039313320311,0
8.67777541725277,2.986204336014059,0
8.625717125399369,3.343024899988217,0
0.40495093289073,-10.8953448067934,0
8.172003682814996,-5.77193176990428,0
3.163116572080863,-10.07930356831317,0
3.31276010584282,-1.639127517645651,0
5.638044116325435,6.600666117922322,0
3.117812019239741,-10.26579179961677,0
-4.941646687677057,-2.710155221638432,0
-3.012203386129112,6.902871412406811,0
-1.854157080656398,-10.82804713366535,0
8.847128440366843,2.893559382249872,0
9.309109968685764,-2.924399039038034,0
-0.8179408907404219,-11.01963692422805,0
7.505945922596112,4.877056686625837,0
2.419960245416307,1.475808450125213,0
9.086819752488498,-3.949367053491788,0
3.508312189643365,7.641361378788234,0
6.36023813687485,-8.162156675944978,0
0.2898870524297835,-10.90980291038938,0
2.920283167513122,7.819163092238758,0
6.852122767830546,-7.748963544012136,0
3.354056658086981,-0.4525818864114099,0
-0.5201172897950245,-10.88432560882448,0
3.164655823663892,-10.19749889981256,0
9.521681317965042,0.4608070953373389,0
8.250881355485088,3.852809230844381,0
-5.880666320610866,3.319989969335793,0
3.679873989406733,-9.969627576661724,0
1.16630381968852,-10.73927876198085,0
0.5573661591786835,7.894912518234494,0
9.03457807104745,-4.309222713244919,0
9.095007014329553,2.024012040062709,0
8.665683606802038,-4.95611917259071,0
7.321793729843534,5.106122894332481,0
8.134312668963789,4.240347408543746,0
-0.9071679116956151,-4.812202523636523,0
3.343020210216834,-0.2341611593624045,0
-3.625998879627691,-3.8440970629256,0
3.466169814405153,-10.07860993340133,0
8.781203330188358,-4.577067564077717,0
7.816156276761636,4.416993036986669,0
5.035784633326051,6.98740710611919,0
-3.592996435442953,6.508190468278428,0
-6.18811997579534,0.4998215561518366,0
-5.512608431470342,-1.811978036855425,0
-0.8644273468038146,7.696549104108154,0
-4.341984574544647,-10.33019482109767,0
1.204234511025571,-4.272484436620018,0
8.916681969469114,2.530849279180705,0
6.605432828356094,5.909413140112471,0
9.589330441552587,-0.170258739936364,0
-5.603969739418385,-9.933021565869733,0
3.322228928544914,-0.5786720930560745,0
7.727211281990194,4.739558425661905,0
-5.81551527545131,3.517392085724011,0
9.081330771193294,2.383387121372251,0
-0.5134870678553847,7.752988313483972,0
-0.8020207599471739,7.691363931864078,0
1.40079852989645,1.795228459721951,0
-6.131851667860091,2.725850766981074,0
-1.554533788426048,-10.95311044780672,0
-4.925161298892529,-10.22227777033398,0
-6.252538130042472,1.602080287179061,0
0.9798638404943012,7.936172037039916,0
5.720131517484392,6.650255342222202,0
0.5903155867413618,-10.80519668938456,0
-0.02935745140859539,-4.558077277074363,0
4.258380502501331,-9.717921241768883,0
0.6786396905435713,8.100941595303565,0
1.636725650009486,8.037043121572299,0
7.417040884151597,5.058693284056885,0
-1.85305470248099,7.347946254359524,0
7.300391138471237,5.309528542050327,0
2.809801490629671,-2.651913729717556,0
3.234149765081254,0.2103689037960664,0
8.972712867512993,2.517475085447096,0
-3.135423909108904,6.830769648131795,0
3.378795406187959,-0.2852224900228054,0
8.681780395307259,-5.049395742500072,0
-6.132871453966062,0.0479675816322855,0
7.179567427995228,-7.153016844365452,0
-6.136092877231802,0.4575115827854145,0
6.092438480498616,-8.337466607094074,0
6.484605424836659,5.875214236911372,0
9.420449537601224,0.7260356352448721,0
-2.266449817142894,-10.88963500608218,0
-6.230925856127367,2.278750253465519,0
-2.209001712842617,-4.51597786230847,0
4.673573613037308,3.478629941014963,1
2.533448219194836,-6.963909667057874,1
2.244053032818188,-7.103689979764216,1
4.399522610803086,3.765996192386476,1
-7.63967601324054,-4.208261787107793,1
-0.9135782043307371,10.88644916333029,1
2.598334465105716,11.15120189498086,1
-2.885806919279479,2.668666612161322,1
-2.205584362475024,-7.692786613904161,1
1.380670008530123,4.844414522982555,1
-7.149266324592185,-4.826842171012317,1
-2.836572141691464,-7.620177913351022,1
-4.043758899650902,9.77540718407354,1
-4.905219923964651,9.277964191002567,1
-3.157046625141559,10.28101767521816,1
-0.353625215394179,11.09947897486945,1
1.85368017625793,-7.239658571901842,1
-6.581971832248465,8.029696952303757,1
-0.5141488894048583,4.553580467260476,1
-6.668567780181708,-5.412469362190257,1
-8.603927727339981,-2.503288081982672,1
-1.110907606901846,-7.820346570922777,1
2.910991213503059,-6.815714713847628,1
6.450839752042293,-1.734102215894154,1
-2.958187593537859,2.27215666670443,1
5.679379924973416,10.2674487840185,1
3.625065400862034,-6.441648650420636,1
6.085755910730773,1.339262130808065,1
-8.558691382603801,-2.443343623174802,1
-7.304340356944179,-4.720193166758487,1
-6.578914657841711,7.998775722166119,1
-6.250331946070498,8.271969894696422,1
-2.963591975547192,-0.007621508573894306,1
-1.834744124632611,-7.68702291924891,1
1.480691672113522,11.0459229051153,1
6.385690681527494,-0.5784173385457427,1
-1.071322180375156,4.317508026718977,1
-1.950361718465584,-7.663155185666879,1
-8.762625650180791,-2.42152005191517,1
3.749827884054746,-6.208568560406399,1
2.943894346978949,-6.936383750019027,1
-1.621145032467816,10.79998747264066,1
-9.297726391410023,-0.00340825890160203,1
-8.937650956679871,-1.552578568392293,1
-1.763042320336724,-1.44353545334034,1
4.567174074125362,-5.367875491253758,1
6.357171952483809,-0.2330157128947558,1
-9.261073694794783,2.975605814866348,1
1.777053892373659,11.08951951821779,1
5.588884169633217,-4.115906723967461,1
5.175658088326551,2.869655475507932,1
-2.853634475765774,-7.615590660200606,1
0.9238781245383316,-7.648997242634747,1
-3.908857603172884,9.860501053990214,1
-3.244685935088769,0.893672515539234,1
0.4644380569384935,-7.675542821660406,1
0.8706383553507243,4.892800671631076,1
1.789710611351265,4.794825322636294,1
0.52650760880831,11.06066495693311,1
-8.01918300242648,-3.898687375677322,1
0.8795113934166362,-7.567771461907737,1
-9.282872042125277,1.409464349232186,1
3.716762082430029,10.73654872440158,1
-9.30904508817693,-0.06634705466767589,1
6.054284263938765,1.094419726267162,1
6.192702264376737,0.9846796000877741,1
0.3244953778396865,-7.699584680502842,1
4.167174224924495,3.980051008862114,1
2.875578639309621,-6.879587414283216,1
3.442046263224515,4.354353124749934,1
-8.459589381471355,5.321993476090073,1
-1.552755887045634,10.90897986124746,1
5.636513221325357,-3.897961249710621,1
-3.212201056599461,0.6551526142469171,1
-9.043813947196917,3.738395240857594,1
2.921249034251846,10.89777520551668,1
-0.6854445907559501,-1.625023610406535,1
-4.37006346525768,-7.029563334208571,1
6.499669909882859,-0.7266111105945571,1
-4.923301518757118,-6.85904493865795,1
5.233270489391058,2.74612962948755,1
0.6717403658865828,4.802568524250575,1
4.958836768677523,10.43310984271829,1
-6.401791589770554,-5.739523808061429,1
-6.235447660056272,-5.79624705540055,1
-5.144892392607436,9.199313588976336,1
-4.738694246241055,-6.827527951886736,1
1.410666012995373,-7.438267924298204,1
6.545069408645185,-1.292948147343864,1
-9.356012162606275,2.109951598760925,1
-0.4362536881456888,4.599295040101451,1
3.255466828897469,4.435870110846991,1
3.284916598119194,10.88413551301593,1
3.911028786029672,10.68521148304566,1
2.325223509648077,11.03838474487143,1
-8.115550513481892,6.058245823665083,1
5.561839884713101,2.284215946731588,1
-6.755022981674392,7.63257890145317,1
-8.899520326327616,4.227163748695879,1
-2.870365006650795,10.46229764389772,1
5.954893637879383,-3.138405488977063,1
-8.442119819273422,5.100221439516154,1
-0.2594421292426616,-7.767917784750247,1
6.342593801677927,-1.98174975750836,1
-6.651824742912169,-5.384623457968112,1
-3.65699519115576,-7.329929347666902,1
-6.013457456844383,8.511153459239528,1
-8.760406157172907,-2.419659774978998,1
-8.923365971036075,3.918263202497072,1
5.470710111319003,-4.14161410342494,1
-5.393964481930007,-6.589690466532162,1
-5.746989631954578,-6.367080083692947,1
0.3129695569960812,11.13226226149276,1
4.565641705737317,3.436988845578311,1
1.606879088825108,11.12510374939428,1
-7.215166208788141,-4.806057677618745,1
-9.014208858702084,-1.635684743025096,1
-3.52415983424649,10.16804225230113,1
-8.168705919455066,-3.287224411242883,1
-3.012046175110479,-0.253989226531329,1
1.86568143038776,-7.311488820820489,1
-2.538945417229535,10.42591395251426,1
-3.644845084370855,-7.420878578704085,1
6.158194516319559,-2.893831806483386,1
3.560662290302785,4.154550935382814,1
2.53037355291201,-6.990701977136465,1
-8.933311699519939,3.753250089281097,1
-5.413249171361593,-6.340728212084826,1
1.881303153634329,4.883355947101801,1
-9.420210065753697,0.3037616866353627,1
0.5094674678288728,-7.717184360910728,1
-5.164486211865596,9.162185129849032,1
0.6775456704505566,-7.606107812650588,1
2.663146488703056,11.13286653754411,1
-8.472788773147132,-3.044053801581335,1
3.780342686370211,-6.175041011517466,1
-9.29723601287753,-0.4747127040498261,1
-7.320840492680419,6.999629959477556,1
-7.189435904924012,-4.858715108455629,1
6.409110791296138,0.2945091815128951,1
-1.917066325258325,10.71582771547796,1
-1.957087297019423,-7.822124509823347,1
-6.004768708718041,8.420391586102365,1
0.3685328051258509,11.01449306477296,1
1.478754074214999,11.19770582135483,1
3.939655649860505,-6.209767833646038,1
-2.824528212764369,2.343184731550719,1
-1.442175449556832,10.93559038492783,1
5.673535659681006,2.063014938448537,1
-2.667629008963945,10.51230395677932,1
-6.091995021028325,-5.934022654093726,1
4.827562389567767,-5.250115307152338,1
3.63977086737089,4.223755986632115,1
-5.682692979840597,8.674346801594272,1
-8.612309707407622,-2.65220774010965,1
-8.078980715840583,-3.746426001020102,1
-8.974644836593535,-1.446480912077217,1
-2.255491768615889,10.66944051868565,1
-4.484501729431377,-6.992140274552667,1
4.062586450531261,3.912551288807795,1
-8.16354221711366,5.839162456112043,1
-1.079966003181367,-7.859495267814165,1
2.068652274489292,-7.199411504617324,1
1.106271334688121,11.22415367586545,1
-0.7950922434417225,-7.798584776040943,1
-0.3171319676723049,-7.827653808904885,1
2.924061379159272,11.02587069497691,1
-6.436718596330298,-5.591846197420141,1
-3.315921751056613,10.21244886400636,1
2.590415333082491,4.659788140582743,1
-5.186786492078448,-6.618279338985944,1
3.337227804073029,-6.582981185391517,1
-9.085914698824851,3.253502640990891,1
-5.110132237358503,9.337934795694117,1
3.815723573898666,4.064316383364835,1
-1.540158601001661,4.034141663082674,1
-9.060063452962007,-1.637445402491401,1
3.094268919613404,-6.755818515175945,1
-2.971691097016778,10.40103775925535,1
-0.9410643478579788,-7.721893868781718,1
4.117560154733862,3.801202692944003,1
4.407061558925975,3.660920500554399,1
-8.090541867548289,6.087308347973734,1
-6.822308679722959,-5.283509417629506,1
-1.783988391901473,3.801140718706924,1
3.377718348332836,10.79901503670059,1
-3.893676155405296,9.869925047463772,1
-9.287233128584367,1.101159187552304,1
6.085601609648261,1.005206774473225,1
-0.7589230843478905,10.90850624652668,1
-4.917495917636276,-6.684542639322107,1
0.07780204855652539,11.18057581712043,1
-9.166635878660792,-1.237941049925369,1
-5.120042779948578,-6.580053376424667,1
-1.150054323065272,-7.825898948382102,1
-1.574878910878645,-7.752588514994661,1
5.848939558223675,-3.496010607903629,1
-8.472297926772566,4.941341759982063,1
3.696911845561835,4.195330204242552,1
3.772163730852878,10.76258658690993,1
6.201767984672042,-2.740019260547234,1
2.220665941273182,11.15117569278798,1
1.285190091227772,4.89175609415674,1
-5.783450421738063,-6.134604703589579,1
-9.129445285277862,2.928860551915247,1
-8.549677226777375,5.02202112496796,1
5.913893121027109,-3.313882222052299,1
-2.939816651525899,-7.506184227634646,1
-5.284804283301024,-6.506010541626494,1
0.5757991738877173,4.799748449787177,1
0.9727108934658367,11.07523031138159,1
-0.6866029075282484,4.566032989331085,1
-9.382132484592105,0.4478340538381381,1
-0.1303598176779399,4.80377520980266,1
4.729518661633646,-5.41552550185516,1
-3.021605137780082,-0.04176650219342665,1
3.283642553619705,11.00021720052703,1
-9.224951019417588,2.226228477902238,1
-1.05199591931204,-7.904440011285146,1
3.349870587097541,4.315943668719101,1
-2.496022885077114,-7.641489557461648,1
0.6015151881493055,-7.571104449115314,1
-3.005083292342489,-0.02727360161542031,1
0.3669165410311122,-7.732592118550161,1
2.390068097238098,4.624314218140093,1
-0.5782616257510231,10.96437729162367,1
-3.344888044185374,10.24377418990305,1
3.373794131984083,4.38346417553239,1
-2.389131334906399,-1.02483421355651,1
4.683999912683466,-5.295546425564548,1
0.9899389344493613,4.905142427419221,1
-3.593072985232295,10.10140717562199,1
0.04366974643857321,11.09483931334,1
-2.89568321503734,-7.563516121110402,1
6.471599723926038,-1.844567012094341,1
5.354161404738997,2.619392283184341,1
-8.497191840638857,-2.788238305637063,1
-1.891881818811722,3.691721656325741,1
6.150231311394506,1.28424949643148,1
4.772606083147847,-5.302144805707327,1
-5.767827740039026,-6.300308606660316,1
6.393171528774278,-0.09615482393807963,1
0.8348816154946668,11.09439289990114,1
-8.826773282714719,-1.857624096855756,1
-1.57538573620289,10.91359119464897,1
-7.566321676569491,6.847923761637114,1
2.973104172285367,10.88819225398741,1
-1.644542618727319,-7.727357665046179,1
-0.9307153956559,4.375786268693092,1
5.88276290121411,-3.640095702891748,1
-2.788053299918298,10.40138887619544,1
3.646988468477047,10.77682805643512,1
-8.027831836009787,5.953449362182496,1
-5.968814100711235,-6.114688086799892,1
-6.13320373394829,-5.947933569902655,1
-7.714268386958157,6.437807468999686,1
-2.980395400073156,0.2222589936757602,1
4.394130792447816,-5.660707724509733,1
-9.282694074196625,1.561697806151464,1
5.712241800456882,-4.102578651277542,1
-2.837824654323188,-0.4733630924200516,1
2.022172899264203,-7.240599087574567,1
-2.565131693691996,-7.543571978393302,1
2.52571979511215,11.00326890435281,1
-3.092074180322197,10.22106649571617,1
-1.023383146165072,-1.632318529983612,1
-2.4202349533816,-7.674277935970622,1
0.2414590221555103,11.08382641883758,1
2.824035196087522,-6.829899601106195,1
-2.962214901842034,10.47989540412008,1
-4.482644180428631,9.625096498984057,1
5.257927472298734,-4.760536423935177,1
4.330956134697272,10.61928081959178,1
5.054108658421971,-4.856004622369675,1
0.9542549930423018,-7.592221151562096,1
-0.7644245875522453,4.542023879804585,1
5.608449652125006,2.286184740661626,1
-5.541318780030672,8.842927346815131,1
6.437613395477629,-1.180178283078615,1
3.779226346756507,-6.199584949708812,1
-3.062782431795743,1.665996005580267,1
6.324329209697835,-2.177340553028503,1
0.1328737320510071,-7.786384958752657,1
-0.1499205731396799,-7.730802708745528,1
3.070744429324348,10.98376594536233,1
-2.767728686326318,-7.53046135417938,1
-4.327420574042676,-7.059197738389092,1
-8.871079566793561,-2.174642626250857,1
5.735530257963204,2.020271873936807,1
-3.07902787704026,10.26446517188474,1
-4.624238393632346,9.550865988104153,1
4.834343050832575,3.405083429815585,1
-8.395852665686274,5.278231982043594,1
-7.047359029071822,-4.993023227552092,1
5.349750735758945,2.672830602427006,1
5.902433745129722,1.500602453950477,1
-6.487466451971057,-5.615950503181234,1
-7.821001491068857,6.356452560524494,1
1.165438884007437,4.92243101280336,1
-6.023714031725624,8.431374715138334,1
-1.590790213714211,-1.540977132435349,1
-5.123848416962667,-6.570902815454077,1
-2.638890873227356,-0.8244380897354878,1
-8.228652011659305,-3.576132369519495,1
0.1138654115433135,-7.668156953679238,1
-6.121386954251021,-5.834128019634822,1
-7.852953327278433,-3.951537022974167,1
-9.063387262754205,-1.459760868004991,1
-4.931061579121208,9.192678597608806,1
0.1094401884308886,4.835578023210138,1
4.576234787150029,3.429305119318685,1
2.30012000379566,-7.154312721697868,1
1.85826241348548,4.894196783482751,1
4.862834422553568,-5.123619274481484,1
-9.3616398527362,0.2744791011599975,1
-2.205302645983322,3.528494960765983,1
-0.8843252252588372,-7.762738157521329,1
6.241892935816518,-2.584305268603162,1
0.001378189439760563,-7.77379643283339,1
6.503228209497927,-0.490960501673632,1
-9.376469065308612,-0.0271315600030821,1
-8.017616157465987,6.008265812456447,1
-8.989247567731883,-1.460677848411577,1
-2.5069709833613,-0.9010904042916805,1
3.337825884224713,4.364983689441277,1
-9.395669807613027,0.9578934423216929,1
-0.0196456615184829,4.746004023165926,1
-8.562241048011488,-2.571253879229104,1
2.760282861425146,4.557615296314848,1
4.337583306710686,3.774091628358738,1
-7.873504570948296,6.213147160907725,1
-5.042134095241902,9.182873723403791,1
-0.675283230955617,-7.778429202638547,1
-9.262121495245813,0.18433846370397,1
-0.2590231758796668,-7.74433866174601,1
-7.315238760801045,6.916764374359829,1
-2.848077762763374,10.45269306709719,1
6.5010249870862,-0.6616077372621281,1
-9.096566018306117,-1.257367047319808,1
-9.282984291489781,2.641537450932249,1
0.4050102631596533,-7.774249603478499,1
-4.114313815811131,9.889401661644269,1
0.511441394348651,11.03580872163333,1
-7.362335134508378,-4.729483462038993,1
6.304134947623131,0.9721653141114297,1
2.224618770392561,-7.12286889220344,1
-1.691697976298481,-7.701967792455713,1
6.052974271069291,1.066857009830255,1
2.916645696366894,-6.769722369336858,1
1.512565290093932,4.885341408895142,1
-1.492491719862241,10.78059120167688,1
0.5773110636423976,-7.651435627358826,1
-7.851105585618454,6.520776666976078,1
-8.206253596165615,-3.320299606104715,1
-7.463881787095176,6.784482808650569,1
-2.970428382779027,2.061992736051546,1
-4.754202874220584,9.437651551427226,1
-2.210914796911648,-7.641641055341513,1
-2.260498572740742,10.64035975931182,1
-0.8309816064287358,10.99544758592624,1
1.095257716728975,11.05198297352475,1
4.075507390681151,3.987454065738211,1
5.540272240551531,-4.418613297110813,1
-4.805323880176346,-6.873711351635605,1
4.93096382840192,-5.119229353447773,1
2.312744315037029,-7.044756239175565,1
6.424570357080025,-0.8156357491631947,1
-6.489212217710532,-5.659373151771073,1
0.6416066139762892,-7.647169807873039,1
3.880570224896895,10.72981973260885,1
2.384025921270112,10.9870971856696,1
-2.035799474503138,10.78859727643579,1
-7.971333275428513,-3.681096872025702,1
-5.334474703593495,-6.554030039695561,1
-3.284887172156782,10.10001480613071,1
0.8412537196191423,11.14805302386058,1
-5.717714648360027,8.731315570636831,1
-6.666786895456648,7.861818884828601,1
-4.756407829810965,9.389969044193851,1
-2.29681784443064,3.567675196457104,1
-5.344345153699811,9.055567528707799,1
-8.212367686484196,5.858881472957427,1
-2.674387376715145,2.77907702726834,1
1.03902473755099,-7.590452888151017,1
-3.176018980465919,10.23521478330411,1
-0.5305378991047689,-7.869064915530095,1
-8.945850636534997,3.670698889064741,1
-0.6745274644533421,11.05493138410733,1
-7.237597264306115,7.269293339585642,1
1.734927579703885,4.908348196368902,1
-3.588154435494799,10.03113948484574,1
5.095154154462607,-4.830201410495598,1
4.278974030047198,3.829415885252876,1
0.5878860895638457,-7.602315844427173,1
-3.032914502154603,0.4382385692066694,1
-3.078633791090921,0.3955688392635454,1
-0.7167068950945412,-7.818936183727776,1
-9.383489728777285,1.387274063759679,1
-2.139928258051326,-7.802946967125409,1
-8.939346394831091,4.229611312221735,1
-6.286849604154954,-5.83585354577841,1
3.068922027908571,-6.783670932594224,1
-3.589300214822496,9.976028976393561,1
-8.645965971783893,-2.480285238684997,1
-1.185658142024482,4.400400347635047,1
0.7919059994512643,-7.742965621797052,1
6.169181058749849,-2.849087607468559,1
5.237479471853662,-4.748051009770768,1
-1.047231404827518,-7.790209735506481,1
-8.786403375520386,4.38997951994345,1
5.921036994048125,-3.523902283185024,1
-9.26459319690373,2.797899502373869,1
-2.941371363128348,-7.54217827632547,1
4.585563465635897,3.494119338994025,1
-7.615983019181929,-4.225005445646667,1
4.348734279786278,-5.785705186410421,1
4.356237502850303,3.770955434963532,1
-8.50729671121565,5.196382735854868,1
-1.000849719814912,10.88857365566976,1
-6.241228304547445,-5.819284663615046,1
1.884049855328387,4.914975681753162,1
0.9086869137842409,4.891266069174669,1
2.191872658042497,-7.064608399779541,1
-0.9225369012180584,-7.77912543938565,1
-1.434967241938347,10.83054258013292,1
3.702590919956837,-6.350218639829984,1
-3.179702185610362,0.1419691313558768,1
-4.758031108613299,9.497459987316383,1
3.397563143513844,10.96772138988315,1
-7.995869563538426,-3.5516028021904,1
-6.174983665867351,-5.976794210535334,1
-1.404437816184044,4.257703153508568,1
-7.070693289963748,-4.989546506783938,1
-8.100166065726842,-3.636885802890853,1
5.722888889315239,-4.014359865771048,1
-4.119086191228179,-7.138094530480449,1
2.240830203609694,11.16597865998987,1
0.2129534984789901,-7.72481880766072,1
-2.930327823831766,-7.615334343332401,1
-3.68292864668642,-7.294703409558167,1
5.427166723134468,2.697437944971691,1
-4.09191266705761,-7.188194326383274,1
-8.567982841077969,-2.938629759147976,1
1.028351675937286,-7.604234938605232,1
-9.045521596075512,3.581622562829824,1
6.461163922553084,-0.1243909893423301,1
6.154527032400422,-2.734342882182129,1
-0.6257883179887499,-7.836860515707269,1
-3.171746998471895,1.454326674498454,1
-7.617848609729933,6.762154415587891,1
2.842393001328911,-6.806546471859219,1
5.588928547410871,-4.056621550975587,1
-0.2888108189513655,11.04701536004235,1
-3.301990990523771,10.2902891801451,1
1.270902696010121,11.2047357719495,1
3.082268572944792,4.504237917133064,1
6.177015398169128,-2.671898546333506,1
4.899429442100241,3.073890106693421,1
4.840926711322051,3.257938400546107,1
-0.0901835092544867,4.856507739982098,1
-3.228665972377899,0.3760103478705596,1
-3.06974364630445,1.564256956148551,1
-3.827281051018725,-7.381432035785485,1
-3.042653261429324,-7.52466104487795,1
-2.390995883794842,10.4947729685985,1
-9.06935835860293,-1.290243680841816,1
-7.756166475299938,-4.091679175414907,1
6.139179671362011,-2.738471180054577,1
-1.035662565805859,4.407986674838001,1
-7.26802555908135,7.099034232931666,1
2.623545276969677,4.570704683579864,1
2.983958310193449,4.433547226382282,1
-5.587822850896644,-6.331421556436624,1
-6.836995040113409,7.612555594444518,1
1.03354001016996,4.878196109077155,1
-9.400662151589104,1.337774400257301,1
-6.503045841255105,-5.508163052613406,1
0.349801489612543,-7.811081538069211,1
3.863090478283537,10.89779764300201,1
-7.039695726876371,-5.07356824794178,1
-0.1126133758858679,11.02411732496089,1
5.103761859076129,-4.760218317077983,1
-9.044996135548848,3.895445082051049,1
-3.745239219116653,-7.320147725502653,1
4.172109113939472,10.68570235847301,1
6.535219424330413,-0.9263464296275844,1
1.755615972725178,4.794317586667138,1
-1.338264418799815,-7.798520906752809,1
-0.2674188214055963,4.611739413306904,1
5.638781496652468,10.09768441387414,1
-6.031753138664928,-6.030230907739153,1
-9.077378291818254,3.421659069212281,1
6.46510261106053,-0.7146802550912414,1
-8.216277586319041,5.908202673111375,1
2.830128866819063,4.658568943754537,1
-6.197010918315501,8.274279484050028,1
-1.313599243270131,-7.869334372134916,1
-1.952951182044479,10.62560537995186,1
-5.61002113446498,8.797405238278536,1
5.277255512881002,10.22536922113846,1
0.07151795063520805,-7.683912329873871,1
6.383238242826246,-1.219903157962946,1
6.518156188774658,-0.09834998771120124,1
-8.740160312872165,4.701443167104052,1
-5.664147523151171,8.855265716438284,1
-1.620323564819211,-7.876205373332953,1
-9.303544395151933,2.285170155191535,1
0.09844726147028643,4.806520108081379,1
-5.77956184136212,-6.261806307699744,1
3.338791396894481,4.237492291190297,1
-3.794899422562891,10.05603662414915,1
-6.264715570022127,-5.92206184851256,1
-2.134909024187964,-1.254417668279083,1
6.279920129979856,-2.049979163224978,1
-0.9666170367788225,-7.720681862047228,1
2.620812308612951,10.93720786467613,1
-4.960807375366983,9.298489828657326,1
0.01055622803174588,-7.744512430931365,1
-2.906168542424322,10.3759613897735,1
-1.776156297727252,-7.72005176826823,1
-3.144480463576833,-7.515059563117716,1
5.548641876831839,2.412793062325386,1
6.13478516662187,1.32249437937833,1
1.192515921703869,11.16660038454325,1
0.6513398172529438,11.13829341700972,1
-7.616897116622558,6.712067115264325,1
-0.735901857867714,11.03954481267031,1
4.635271229801351,3.580075023231817,1
-4.923718138686599,-6.689440695990728,1
-6.609895377512686,7.776443598891956,1
-7.067772056271128,-4.888343290217727,1
2.861501244766631,-6.824885567605834,1
6.365303211579249,0.4132543377248672,1
-7.42277904520572,6.765427080005345,1
6.000128458901782,-3.303037605853007,1
-8.082327338916111,-3.483815771154946,1
3.480680788371796,10.94579380251293,1
-2.517317128547354,-7.571846551279118,1
-8.724345943020197,4.61709812667253,1
-4.697518412262184,-6.882321755983225,1
5.371688912869653,2.687133504689632,1
5.526460254761396,10.09277806422507,1
-3.666105405043941,10.03668800000252,1
-1.653289360744093,-7.695459535651655,1
-2.659017258988275,-0.6537128485376412,1
0.08519209019130947,-7.779365121427835,1
-4.686025972951058,-6.820069997371339,1
-2.878760241761979,2.255408717117648,1
-5.2500745520916,9.088945279170497,1
-2.561902614200192,10.47539733761553,1
3.240868005953641,11.0087481621974,1
-0.8979816003634521,-7.819031936719072,1
-4.413937522323486,-7.025628017772916,1
-6.659980174192459,7.930774118247407,1
-1.633448109304938,10.77840437996512,1
-7.224563243231908,7.199091032271335,1
-1.227305121038841,10.87790563251461,1
-5.807559088062983,8.717739499200569,1
-4.282725414443989,-7.138055698038958,1
-4.343987335403893,-6.895806954078089,1
-8.321380400076917,-3.054463384403708,1
-7.898742009149162,6.284401006710657,1
-1.611485219813279,-7.855111154039907,1
-1.817830924162557,-7.848160232691303,1
3.564647253961948,-6.315387424797867,1
3.659509921398984,-6.297291548452812,1
-1.168780847028055,-7.875895339773757,1
-5.324163764437276,-6.57405518529568,1
-4.731309396933663,-6.894514150007319,1
-9.38596781334188,0.6996045904481881,1
5.970382510273788,1.695833469478456,1
6.352219640856024,0.5700369266051903,1
5.635763178115168,-4.11896088000908,1
3.82815632976166,10.7603232279905,1
5.673016246686133,1.94213597543925,1
-4.7850801856232,9.457111572263129,1
6.104638152358522,-3.132086695057992,1
-2.493427471338522,-7.634760632174264,1
3.337324462766023,-6.582583445367806,1
-8.829736864599107,-1.862633494539157,1
-6.818348410298926,7.76934365438148,1
1.831726198078955,-7.346745486431677,1
-8.964060860344631,3.568223577553833,1
-9.080420821664076,-1.350373303995147,1
-8.413925386255073,5.310844241122658,1
5.855935490908782,1.626579529416497,1
-3.224315216630797,0.5634240505689155,1
-7.864337375068184,6.139292997712506,1
-0.9379112421068468,-7.880520122159559,1
0.3301589968432493,4.925406806440659,1
5.967531703249236,-3.384664239693601,1
-2.655509683482746,2.911659401027769,1
-9.022509733016889,-1.109754225866829,1
4.489720422010521,10.59835783569566,1
4.525645601748531,-5.612370426072324,1
-7.764625972172076,6.268987800359505,1
-0.4412620933971612,-7.721920259256204,1
-1.457872520385083,4.16646537886067,1
-2.035060077135347,-1.180651652623252,1
6.319502693298472,-2.188392573566103,1
-6.196545539704339,-5.840364710652562,1
-9.321179251916973,1.344302796364115,1
-3.353106234482577,-7.398834528900722,1
-5.860621154901471,8.575880148132159,1
-7.656816968663773,-4.340037524166992,1
6.387624317507298,-1.860006136959302,1
-6.906516484359756,-5.150199620083912,1
4.98123156122991,-4.845502855392939,1
-2.769880841460856,2.857486300138252,1
-7.97521741401733,-3.920665107472816,1
3.894448645812021,-6.072288119219176,1
6.444197394187669,-1.51779525720954,1
-2.257342217537821,3.426547769942967,1
1.06446941562128,11.22520512349232,1
-8.880095926368709,-1.804500046213456,1
-2.950847142279449,2.172838094571901,1
-8.788148951270529,-2.064836800685903,1
4.872832112256939,10.48636808040194,1
-7.044602974003495,7.408722807491833,1
1.912027458261672,11.11999572263621,1
-2.248935502237434,10.64629611161825,1
1.592962729821361,-7.394433311497978,1
6.50185836410758,-0.7872125129821168,1
5.942407020065297,10.17825493295183,1
-6.807948007176233,7.683292175557132,1
-8.631901181934255,-2.44730234479246,1
0.972566439019986,-7.67101703344067,1
6.464111645095611,-0.1232841765810913,1
5.292650655150556,2.747566983835454,1
-6.320026133979827,8.149064650437635,1
4.867334740754184,3.232381787051828,1
-4.744273139801536,9.350671694639146,1
-5.379089164267567,-6.438582138275168,1
-9.231945908968735,0.2482185750342904,1
5.676983115462543,-4.076805100713185,1
2.803440291119803,11.06003640846792,1
-1.595019134832101,3.989222217019946,1
-2.366434502662408,-7.620069555601803,1
2.736715511106955,10.95170588071823,1
-7.57608484224066,-4.396963932089053,1
-3.120655957528075,1.833940740868668,1
-6.870654008301878,-5.327762760186976,1
-6.040819068482492,8.452840808915248,1
-2.584994665289733,-7.593730159424125,1
-6.853248734007467,7.646084435565224,1
1.710543440697452,11.22350910225759,1
1.917816334216103,-7.254375388431914,1
-6.270496637495492,8.214550362597191,1
-8.712322652796525,-2.412997719493896,1
6.013320103670653,-3.158264811622613,1
-4.677038539307696,-6.895124513099542,1
3.738686583128429,-6.177935398610047,1
-6.437809374284305,-5.578663762646004,1
-3.159856822466809,1.415091205278417,1
-8.292374006707977,5.384463553336557,1
6.418108803819852,-0.3893704113467698,1
-9.341245386081457,1.999367449402914,1
1.245810609785622,11.04383968690561,1
-5.773743520616302,8.665725216385658,1
-7.640917182871654,6.514748342237615,1
4.375268641018394,-5.779170901248521,1
-6.115012451348243,-6.040375681829548,1
3.974169202439862,-6.078305358344593,1
-9.148342173658614,2.724236114982749,1
-3.797569274919847,10.08427483239596,1
5.00272856300657,-5.176968828890939,1
-2.160213512970412,10.73569823145185,1
-5.543284832853375,8.807551620239353,1
0.1646959162742267,11.02045865790049,1
-6.620069028358828,7.738596346759374,1
-4.508564434226741,-6.879189783512,1
-6.086251615923193,8.485182988397357,1
-5.27893297676304,9.001066019794951,1
-7.194852637051374,7.059490108699451,1
4.317973083779305,10.68965481048618,1
5.259144830538453,10.28192985917763,1
-0.7866124052073794,10.99238413364566,1
3.296918255370731,10.84129001561809,1
0.3680442844298085,4.863468959368936,1
-8.073138786908325,-3.62521462954892,1
2.127544066988648,-7.152290098527607,1
6.530374171812414,-0.2464697375360226,1
4.985031683209151,-4.956070884227088,1
0.6979676139831449,4.818644434684713,1
-6.616447103480859,7.936875731171756,1
1.911179391168124,11.10990617505715,1
-6.804236163657464,-5.420494523802749,1
-2.402214658935277,-1.172517809281859,1
4.897839894179217,-5.161228033532098,1
-1.730032090713808,10.79814776396288,1
-7.613977223585801,-4.458856728589412,1
-2.247214028629217,-7.710276984075674,1
-6.29409235911726,-5.915745811084519,1
-3.773575717226876,10.08688470597338,1
6.212923994353316,0.561831594258679,1
-7.871411958721852,6.220263047013893,1
-3.598577137178672,9.971894854663859,1
4.464021732705445,10.53481706555451,1
-4.242690484452248,9.691392394393466,1
-4.748828357494042,9.516610188832873,1
-1.705413403670937,-1.552162408362819,1
-9.324372869055992,-0.5564188820636269,1
6.277168699735544,-2.618354486147961,1
-1.042849727882881,11.03425999121131,1
-9.452441112190215,1.59051866621352,1
2.877978278146298,4.551121564320576,1
0.8797133171522779,11.20856087823317,1
1.295839382507467,11.04131224556996,1
-8.844020266954058,-1.974306619031813,1
5.794237500367172,1.989618842870952,1
2.233392742640521,11.08642271559147,1
1.912351028378364,11.07776405709633,1
-8.789085364142457,4.472732236196705,1
5.179988621135657,-4.831835751543105,1
-9.391607816715235,2.142386882563796,1
-8.903933810890463,-1.555814604204931,1
-1.75213900566694,-7.8340760797596,1
-2.98309984151333,0.1666887324989286,1
5.941018861160135,-3.379210776829834,1
-8.577037662440178,4.955892572213271,1
-4.561147421369193,-6.807686574380255,1
-7.556209169101658,6.874446400066306,1
-0.6772840792384874,4.520021637321081,1
4.994386776790279,10.52827835313048,1
4.85504086553036,10.50798364962117,1
4.253879117617023,3.927551663515433,1
-0.9662610867636606,11.04722648379548,1
5.421799603239473,-4.387685515588609,1
-8.861130653628441,4.49589550546169,1
6.008935081096482,1.606756535104607,1
0.5245846373637368,-7.608085222062742,1
-5.760284707347392,8.693673818614924,1
-3.071253128835016,-7.568827660254133,1
-0.1634518384368104,11.16307896356975,1
1.164233503805771,11.08030000355441,1
6.438425216746794,0.2392061458484377,1
-3.409701525248112,10.14061406561239,1
-6.623402818919408,7.844124365603641,1
-0.2967608753873711,4.608246638333286,1
-7.2447568859737,7.289897443624053,1
6.000714575529737,1.568548272797829,1
4.898182311560523,3.082686602191044,1
1.878407501782747,11.16623375108076,1
-7.283446813609154,-4.787421699238738,1
-6.950467696148398,-4.952861623084746,1
1.598381513324981,-7.502539719866511,1
-3.092110410864848,-7.514302446870025,1
-9.364656866116277,0.9404117812309478,1
6.240681429042334,0.5265962234277147,1
-1.805066787708713,-7.8389639987975,1
-9.224315778015303,2.5242912801748,1
-6.778149387677701,7.770419599283855,1
5.313080999532864,-4.401642977723641,1
-5.938150615674165,-6.037578242653295,1
6.410795124657534,0.3513843761707357,1
-1.297780975264877,4.355858843844997,1
-2.292497063992505,10.64245774417925,1
-9.457619493781934,1.096049408663598,1
-7.847868388686718,6.291339994734692,1
6.36900827208411,-0.1876589439429132,1
0.8908765308718185,4.955596200873246,1
-3.101675160002622,1.406246185089469,1
-8.940463630415772,3.653307728886676,1
-4.116741479146202,-7.149004594279584,1
-8.486972004476975,5.054660917255947,1
-2.677544456748397,2.687984838076306,1
-6.167547839734913,8.18308548471072,1
-9.191896944516452,3.215912636986586,1
-2.133726138988311,10.68360359507012,1
4.440109153359853,3.675238829402474,1
-8.268412466174347,5.824042750326427,1
-8.505977990183078,5.000543509631491,1
-1.003485409127633,11.0309697550288,1
2.234270871610576,-7.141718682354305,1
4.507001634139421,10.56097482334722,1
-9.324130217998825,2.593852221691903,1
-0.5043620085131079,-7.713368038723728,1
-3.109814237486649,1.754659515925689,1
-3.079983746520351,-7.42717355868825,1
1.772241595768139,-7.303624737985914,1
-8.286918949017798,5.658596536253153,1
2.37335726388644,-7.140909350668657,1
0.5956687770667545,-7.687949551000118,1
2.012945178218779,4.833120707266299,1
-1.410414329121704,-7.774513982080579,1
-4.202088811768538,-7.065445003099928,1
-0.7760407697330656,10.97905601817453,1
-7.433781876442637,-4.699944123549272,1
3.354207054671015,4.370393959387596,1
-5.373157892852436,9.02290326109156,1
4.312739279139861,3.758916850413477,1
6.019919386095617,-3.286407135117467,1
-7.383455382993733,7.111542440699267,1
1.216118352159916,4.839760225694712,1
6.295512759540613,0.2174132894767106,1
-0.7094249811606839,-7.77981391617929,1
0.8515547285254099,5.000795716102748,1
2.486887164436304,-6.931196774882726,1
-9.225333835192979,-0.1776093103586679,1
3.241093182377311,4.323309950628004,1
-5.508163724091236,-6.386962097310464,1
-8.716539295898231,4.572215097222543,1
3.20781689337357,11.02593250032765,1
-2.73991239136521,2.804627073183739,1
5.680876166939259,2.108801131175593,1
4.078780476203593,3.960607207220697,1
1.903935183111515,-7.327707256643684,1
4.48951849773121,3.722105453761574,1
-0.4053076806217543,-7.747690276842537,1
-7.517352440556364,6.941888477884389,1
0.2481868151848538,4.842457924801731,1
-9.287740558166323,-0.4863401614022755,1
2.919172517526195,-6.854317306902288,1
2.279873081913047,-7.114970970165817,1
-3.281627007931052,-7.46311053699247,1
6.021056425865956,-3.299372228976166,1
-1.927618429556399,3.690628987332393,1
4.689038939993587,10.61647603378609,1
-2.997549579421965,-0.07099713643922029,1
0.4402238822349899,11.08751394154094,1
2.073601379972093,11.03947897165753,1
0.6153377379238716,4.810912781067997,1
2.53749900928309,11.10943129414488,1
-8.830780248029402,-2.175620871788951,1
-3.16613433565086,10.19004823517523,1
6.19622978410683,-2.852613077297093,1
-7.081359032242553,7.285141026148329,1
2.260975514055415,11.16399176739107,1
-7.541683346683071,-4.480043678144868,1
2.480877711970011,11.11459552631704,1
5.110492995726901,2.765252659905076,1
-3.073356851085045,0.6127106417301489,1
-6.371282708862498,-5.667960365718571,1
-7.399706892402494,6.867283921545245,1
-1.497074024342518,-7.79626306621843,1
3.380954308535123,-6.667036765328699,1
-5.421993266044966,8.93363568200604,1
3.004374723340865,10.91426976417401,1
4.616243213163225,-5.574975266155493,1
6.391940812602866,-1.631943874985264,1
6.364631980876376,-2.274091627436755,1
-8.878574447306908,4.235954351123946,1
-7.1961602396193,-4.760047183262034,1
-1.315369161181338,-7.792160943978176,1
-6.405528697615713,8.032575365838929,1
-8.628814689465306,4.777942755138401,1
-5.527441269612949,8.913575550511377,1
5.621180730174467,10.28440872403461,1
4.6351862943256,-5.454673702927763,1
-9.223544020821471,-0.3936305032820215,1
-2.526851598444261,10.559880776739,1
4.490150531777974,-5.59536973709987,1
-0.1448563679708571,4.759287403835711,1
-6.964231365512645,-5.09741445415641,1
1.348559778809585,4.997299154503942,1
3.741173528158469,10.71645627278247,1
5.703919292798014,10.1475357852026,1
2.084262417760519,-7.142689303863406,1
2.088056987129716,11.07590580283123,1
-2.078311277283584,-1.267110506384703,1
-6.889452878550117,7.681507285787863,1
-6.501722996795445,7.935488165895264,1
-9.213288611164224,-0.04944573864082634,1
-8.288698338729704,-3.213220362063178,1
2.300330931707677,10.98287536187089,1
5.486309714256402,-4.370796877237177,1
6.406845791261722,0.1412908159941869,1
-5.618616414198738,8.702924731621113,1
6.526004314893362,-0.5984090741849205,1
5.42381419383428,10.32601327318527,1
-6.140353208945132,-5.86762502712343,1
-1.152159057292218,4.396945970700769,1
-9.302027625952197,0.2745947165083149,1
0.3809043170740283,-7.674300860568508,1
6.03917686380619,1.351824989791907,1
-4.04177571974357,-7.212974551686984,1
-9.124886874994749,3.430873440643401,1
-1.236637791547184,10.83174078486674,1
-9.451259370753267,1.154720220411804,1
0.211450125719396,4.943398072809784,1
-8.173608855196973,5.921821357139622,1
-6.597853623354104,7.813745488346732,1
2.20141319703303,4.769969242732529,1
5.832095082028192,-3.779836996234281,1
3.993454681022516,-6.080266049681041,1
6.532705369984821,-0.8829245734551312,1
0.7072088514523861,11.1286096776399,1
-6.759028363034354,7.720872944163311,1
-0.2761026274958389,11.01907163789266,1
-4.177883883467843,9.72046473497895,1
-3.046132341474725,-7.533460641932119,1
2.17650278702361,-7.14320918848515,1
-6.291778876476767,-5.712614953642174,1
3.598676852379791,-6.268403043351179,1
4.397695821391858,10.57285216068655,1
-7.664160128859514,6.679140537934717,1
-6.681520536418565,-5.343397241022247,1
-2.065039970866504,-7.637544438616389,1
-8.02150668302939,-3.800659577921259,1
-2.962885263039639,-0.1499872241241278,1
3.698891080107001,-6.311396882712448,1
0.7169183314172428,-7.653873438178039,1
-4.186267112908605,9.861221006862511,1
-3.183653295942384,1.181505747001748,1
-1.369102529817898,4.330066410303459,1
-6.542389418022386,-5.54040800996023,1
-6.159287681075329,8.370134942770497,1
4.623320223105265,3.458591056083197,1
-8.731957174732594,4.321636908097049,1
-3.05984031334262,-7.467450922038231,1
-2.169818324807572,-1.22655262965674,1
-6.980419989072697,7.416082477837201,1
-0.1831485616903845,-7.877653915963062,1
-8.084437299536873,6.010715361050508,1
-8.378478824716826,5.556047725841384,1
4.446999472540591,-5.743279142331748,1
-8.663659392124584,4.696222833107858,1
0.7239358672452757,11.11681024546793,1
-1.291934765687438,10.9081124978872,1
6.419178656454199,-0.06186833880309578,1
-4.16348875640503,-7.109899387989851,1
-4.330423773253782,-7.056950604999884,1
-7.913215119635262,-4.12412196664608,1
-5.228521356485145,9.006875525754445,1
-2.689891087179912,2.844102709960601,1
4.102421330599406,3.929263474821382,1
-5.057740129033142,9.315579200008083,1
-2.874695524704373,-0.3985384932266498,1
5.208664778417418,2.879638287182995,1
4.071047423864622,3.881881453137525,1
-4.842011455384199,-6.653601208941952,1
-8.753385539047231,4.550435124167707,1
-1.363185397716464,-7.812618159210015,1
-0.4660802729170676,10.97978424575268,1
6.458443356920645,-0.2949688752532575,1
2.242191519684073,11.1814029768463,1
5.815270540707871,-3.94012971201977,1
-5.634989835162968,-6.257681893521966,1
2.151519855770345,4.836834633850666,1
2.422637033186414,-7.021328041615777,1
1.757540654794934,11.12999848688897,1
-5.108213116483537,9.27260813559352,1
-8.508526681031407,5.219030683383374,1
-2.559866104413389,-0.9623173629490742,1
-8.729000336434444,4.626724347917479,1
-4.229392540045811,9.760145628658563,1
-4.396474742773799,9.512719685628726,1
-1.795761244665884,3.891363494034533,1
-5.268350267403593,-6.540772894904306,1
-4.108116075523139,-7.194512303189833,1
-0.5752120430724077,11.05342551792851,1
-6.587594516507744,7.902513485301841,1
-3.110354354070855,0.2315005548801256,1
4.635093184108144,3.351437865734078,1
6.413111512700478,-0.2204825766169696,1
-2.137364361922525,-7.723297854834881,1
-9.342955616097123,1.329248010415684,1
-5.225937702914649,-6.561835991892103,1
6.394726105442921,-1.633378500406974,1
-1.78635825663864,-7.787113073249789,1
-1.262331607822789,-7.850606827590962,1
-8.34843706104383,-3.07347779061176,1
-5.335804039350192,-6.563580121687642,1
-1.648351774242978,-7.735731776461606,1
-4.64974617519854,9.413407934359592,1
3.88043156961338,10.74666471900607,1
-1.474052730459811,-7.743062482601158,1
-1.809672460415041,-1.510058368968761,1
-3.47564276317242,10.13366657726381,1
-1.483495153472136,10.81722180396875,1
-0.516621818239192,11.04056793436564,1
-8.642854474596822,-2.427939820266282,1
2.546502574896243,-7.026883418069398,1
-2.88991613665905,-0.2147769611691432,1
5.942729156964586,1.69100877531368,1
-9.366059756731584,1.790638591882307,1
-9.058081881744792,-1.448260716775976,1
4.404822442431246,-5.708108260827391,1
4.111798659849592,3.878296329213335,1
-9.18308365515472,2.811538453778901,1
-8.38421912603688,5.326277534573179,1
-8.435701809250313,5.486599713024121,1
-5.523255463332381,-6.298367197341769,1
-3.020860641790834,2.402286302649469,1
2.56938319626537,4.705051861936278,1
-9.043840994532212,3.384077842600963,1
-0.3973868919390681,4.615571429559562,1
3.703365240682315,10.90929751588501,1
-6.06301685486431,8.470100695606661,1
-0.00606881403327944,-7.674248125299775,1
1.859851017881257,11.07213142430467,1
-4.042649159773911,-7.127648891068179,1
-3.399891959048789,-7.420613292612102,1
-2.770426997680497,-0.2737747484239089,1
0.4011464757332197,-7.748591170175775,1
5.570308576656377,2.10201071200923,1
-3.143883668212879,1.503976125016643,1
3.86777237474264,-6.226076681826295,1
5.554487710815986,2.318281215015531,1
3.89413198555089,10.71435180303133,1
