-1.999738807430136,4.261929641544336,0
-0.8026292435317894,-2.57773470945126,0
-0.6317233776009969,-3.990651797210584,0
-1.728043901335735,-4.645001724802974,0
-1.094877078080355,-4.782131358510147,0
-3.933667209838248,-1.492547509493695,0
-0.3393527271629662,-1.347346701336498,0
-1.841125728270034,-2.875086622959862,0
-2.1110523411939,0.7710194170632616,0
4.516310069707928,1.674216515320285,0
1.264072465206502,-3.891072880264079,0
3.185349772770408,-0.5163769416817695,0
-4.149066139328753,-2.267225914099952,0
0.8844423950327146,0.8483296939509516,0
3.039080267010565,-2.828940772587048,0
2.284889503041028,-1.348962592816864,0
-1.683329577773444,-2.692058761204632,0
1.584123462079557,2.186931214436401,0
0.7553493291762021,-1.565777880626356,0
-1.499357051830158,-1.237812535063147,0
1.780630234551463,-3.259989479427694,0
1.700511135218695,3.493155663515067,0
0.9736602187771166,0.5141434314654368,0
-1.470557770878409,-0.3156704996029333,0
3.266787164507733,-3.707991117710205,0
-3.182033634952623,-2.203592633449599,0
-1.043488448401463,1.644889908579698,0
3.392945857022411,3.183119040747171,0
-0.5863672062693059,0.071713364543565,0
0.1669009248945441,2.303673084987218,0
-1.634643996077549,1.411675019527848,0
1.419224494008084,1.871389863800627,0
4.830923858416402,0.7370640068798757,0
-2.379354310160767,-2.805179579367683,0
1.389712135866386,-0.8178601285018732,0
-2.348566764518736,-0.2601882911014103,0
-1.918874318517644,-3.99205396848644,0
-2.601243294086649,-1.456146525166669,0
0.2889391202674854,2.760229368926188,0
1.004656707102967,0.205714618434689,0
-3.308264811330767,-3.585065359969439,0
2.088480739606535,3.066068563257524,0
-3.183756837632767,0.2585535776408059,0
-0.4635755771481606,4.179181351167486,0
-3.297600498357341,-2.707041192714315,0
-2.768582516565971,1.510342359478222,0
0.3682565845703936,0.9907403317519815,0
1.420221236081271,3.549958081155919,0
-2.211602981522731,3.133352852926337,0
4.055802047070524,-2.815567408007207,0
-1.843436530606079,1.988482629610015,0
-1.643296913219402,-3.324820858362357,0
-0.5888117959859357,3.347346072320571,0
1.416451213427872,2.261516747468795,0
-0.1210178127443939,-0.9562828969530311,0
2.149998588940361,3.847678394107772,0
4.287345448979953,1.331714055082356,0
1.111952886183856,0.01427650252169428,0
-2.49946135257944,2.756170434434184,0
-2.777330778670114,-3.741351582606226,0
-1.091922838462035,-3.471325026159965,0
-0.1349305777645368,4.081307884326544,0
-2.138024698206507,3.95232133587526,0
-0.7408378278949594,-0.9581563767266319,0
1.58594787863704,2.797555033380395,0
-2.700953858278912,-3.13379089159067,0
-1.144890274512836,-0.9457859805661429,0
2.577772765923437,2.407135254024313,0
1.31465311015263,0.6176642151992909,0
-0.1548169057781044,-0.4580874989796088,0
-3.612108971736459,-3.308389499148626,0
-2.080627892927879,-4.023561103519907,0
-0.7339566824873257,-3.11130981052853,0
-4.319804194316109,-0.729975865596755,0
-1.224475422654995,2.136507355354297,0
-1.382565086885156,-0.3157966185373091,0
-4.840240583768657,-0.7168219810083843,0
-0.2396145521586027,2.855502115084767,0
-0.9174790706006518,-1.879835639962664,0
-1.746302847927471,0.4672739678642837,0
-0.08063580350589571,-4.148870992963467,0
-0.9350449534548001,-0.1488232682567213,0
-4.490589071077029,-2.021594394363222,0
4.025158080817508,-2.721953022615086,0
1.776774800375323,2.588620376704123,0
1.543873523858992,-0.1737788165598522,0
2.947103536800444,-0.05016491461295712,0
-1.960891521127857,3.975110662241566,0
4.668700848032183,-0.03232355326828188,0
2.199451656990182,3.576039050940901,0
-0.7782790019382499,-4.6564002204101,0
-2.218855068666009,-2.449659481856571,0
-1.630099193402486,3.995256272105028,0
-3.799271963664019,-1.241714175924573,0
2.525560424098829,-3.940988554238682,0
2.541033647422773,-4.105063788976766,0
1.25677410398604,1.183230546346006,0
3.26432056731093,1.620078218540912,0
3.189162202980133,3.336321604049657,0
3.047164228721944,0.7194976598858041,0
1.099986892661209,0.6263694840155299,0
-0.7370818031315428,-2.920246938630733,0
-0.7258615806771996,2.646319918593376,0
3.204666926838972,-0.06067620692120954,0
2.654732934171486,-3.671925203611476,0
-0.7977899457194165,-4.089674200979191,0
-3.1583304586137,0.0936460818993974,0
-3.445372580905617,-3.3087974790515,0
0.08830618452706063,0.1666203992287278,0
-1.297906637574157,-2.994351195948773,0
1.084543586517049,-0.9366455344147401,0
1.45001354509219,-3.739124654174707,0
-2.036185867875405,-3.048626587060772,0
1.146413608674273,0.2944912658240663,0
1.151320725336981,-4.202341380352988,0
3.88509740098581,-2.105603624772196,0
-1.646552127187572,1.815440653474638,0
-0.5856865880900932,-0.2155203997397517,0
-1.121733318952694,0.9732912455059097,0
-0.7625666907700211,-0.2700625763595911,0
4.62173637090851,0.7997625256616006,0
1.244609536741109,4.490694071030219,0
1.501993215047783,-0.7926469911359342,0
4.162673953462212,-2.056984573054957,0
3.109936918532328,-1.360255942277567,0
-2.943186833260371,1.134064575690652,0
-0.7563223566830103,1.732399176153207,0
0.1889968902082703,-4.598282346300555,0
1.711685544172183,3.804171397406573,0
2.411399424573921,-0.3256151513051551,0
2.830918417198323,-3.436734950611219,0
2.593879698906794,-1.810684187660535,0
-1.210023273872744,-4.34028573976565,0
-1.226219805018826,-4.04527047973722,0
1.626665176194114,-0.3174235306515698,0
-2.411569105923553,-2.38200339476212,0
-0.1490731420330839,-3.5658880303977,0
-4.354546785749179,0.001036995385720833,0
-2.9869555521085,-1.716860478097628,0
4.655584426540769,-1.41323647587391,0
0.7931674458736568,-3.743716241140913,0
1.902141409525783,1.30556150817027,0
-3.634327461731083,-3.052585387419517,0
-1.962326193216853,-0.9194562921287587,0
0.7298798046852457,-2.668817454401875,0
0.2815976611834622,-1.60811164288778,0
-1.315044524800117,-1.876611237687971,0
2.091916984096914,3.93323628112505,0
-1.666902715498116,-2.139584994845488,0
-0.3898649995879711,-1.917825539613921,0
1.065542477143519,-2.156193790372581,0
2.378808875425421,2.080792116540589,0
0.3472110011773859,-3.651846288491485,0
0.2069620105959031,1.716142678001522,0
-3.710330746673868,0.0256869857106326,0
-4.062867508753722,0.5782664213476684,0
-1.809571575518362,0.6908400535140842,0
-0.592926842172998,-1.828096725166737,0
3.204648984533831,3.273406215377816,0
-0.8407323884404195,-1.428200612360429,0
0.6962412558285215,0.05875993534405179,0
4.094000490378901,2.606486899820382,0
2.15271983290113,1.87967904448935,0
1.461547515617603,-0.9426105595071599,0
-0.5410991505256229,3.563515922418378,0
1.765203818258179,-3.943442151305056,0
2.966412862086348,2.068514640074548,0
-3.195289065976372,3.489918116874021,0
-1.84201186056442,-1.246960464308898,0
-3.28772351178627,-0.900984967857988,0
0.3839552729972573,0.8927016246627082,0
-1.180802166978297,-1.578547848505926,0
-1.593499921921189,3.179467809415252,0
2.079058329109702,-0.8337582503013513,0
2.047185888323587,-0.8230402201959369,0
-0.926695392649549,0.5406649611733523,0
-2.024361938291796,4.321695608179346,0
-1.891834458499734,-2.202017036952446,0
-1.67871923890766,-2.85290820300077,0
3.625444254964938,2.341745880258403,0
-0.2148776572723625,2.827827849594871,0
-3.447646513608589,1.362415408873453,0
-3.641772719297952,2.6111906165069,0
0.6167339354696356,-4.893286219900407,0
-3.525997801987872,2.211733973859788,0
1.474192777882803,-2.845366915888848,0
-0.3694235598861897,-4.251312977822186,0
0.5227547581295883,1.810376646990879,0
1.367921097420016,-1.935034516522035,0
4.091559907420402,-2.657817892366193,0
2.667922443310293,-1.516335639252258,0
2.70582054977689,3.367867108142633,0
-3.564115952097048,-2.625513681174097,0
-4.828037186595757,0.6731325982624135,0
4.050971329274045,-2.230151377784356,0
-1.245587369153691,2.426594128596105,0
-0.3424294835554906,4.405033316601708,0
-1.560787432820787,-0.4513087908261851,0
4.375256409343345,-2.118740042361567,0
-2.6029271028733,-1.564177310499464,0
-1.795434589671797,4.448300481578468,0
-4.867072751054737,0.392197239199399,0
0.147449420387701,4.246094134721042,0
-3.918800965438449,1.83451063675909,0
4.209391453726822,1.590079016550996,0
2.962886463446877,1.22376772826665,0
-3.92370087719927,2.187487717117296,0
0.4842261970796991,0.5765292211060555,0
1.456469891467265,-1.424604297646046,0
1.46842232676639,-4.403274454675187,0
1.475713316806685,0.5402710301904355,0
-2.330126406834079,-0.4960862706946734,0
2.302953845071958,2.679355445590597,0
1.879110120932354,-1.261335198703456,0
0.5423848484577993,-2.766083010991029,0
-3.196648013856613,-2.844031681757787,0
3.51246161140289,-1.303021668909937,0
3.629772431151444,1.331300675319576,0
0.4343464466085387,-3.511215544296611,0
-1.108541730609951,0.7969977002995907,0
-0.7132257871418235,-0.02412722120681881,0
2.639865523401888,1.163722118832023,0
-1.464533712660924,4.648660709055728,0
2.765444608202603,2.290522773318947,0
-2.676310769945514,-1.916900914862544,0
-3.901293922518689,-0.5848563714290147,0
1.280307428277143,0.8670590639439748,0
3.4007488179961,-2.521392009958032,0
-0.5654100197199544,-2.365159863487758,0
-2.771275881721434,-2.210094988066917,0
3.16237427451494,-2.77041369327149,0
-2.383366894937931,-1.707140596747602,0
-4.317564488786292,0.2738470653867382,0
-3.61939884221533,-1.061438384158365,0
-1.134591730879043,-0.6566147468982726,0
-1.299129824197541,-0.9800059274745844,0
3.1046542813024,0.1612291482706671,0
-0.1100166825670511,-2.397117976565958,0
2.36967732595999,-3.581103574475248,0
-3.985603888991172,0.9063527162170114,0
-0.3932864705096989,-3.495119123753769,0
4.28897686777218,1.819130293791908,0
4.565527855835954,-1.570742773045523,0
-2.343747186054356,-0.5264788496282168,0
2.295625951642001,-0.7473012615397219,0
2.912965211941926,3.366556967920502,0
-3.379332894292864,-0.9052642496354226,0
-0.2828073979808667,-3.861796059496805,0
-2.236556127890375,1.589221158509718,0
0.8330974043366469,1.172000218587547,0
12.41188801631549,-3.307642419494142,1
-12.88855867816624,-4.283461881902883,1
1.448138999464652,-14.65177310199429,1
11.578469898188,-7.076057505959571,1
-0.02431926112232602,-12.80840427732427,1
6.488327136282807,-13.30529865948359,1
-11.15786927722101,-7.623096820428842,1
-3.707792751780409,-13.7959620820375,1
9.108808436496064,-8.252834055887996,1
2.34617633873009,-14.04458200087486,1
12.05896061301115,-2.350520392891996,1
12.59844205006494,-6.583888635181136,1
-0.09610783810765529,-13.24147055352009,1
-11.71339174776229,-7.709853462970224,1
2.581247198603384,-13.74324930362909,1
-8.071119532062278,-7.125455614325798,1
-4.23124676897026,-12.0809504881994,1
9.158987404490356,-10.07805604831538,1
-12.08152285199497,-6.708022194579752,1
-5.045164690083829,-9.511617131821197,1
11.82755860559788,-5.622595658401006,1
-7.188083314261964,-10.88900241560351,1
-4.102192662280247,-14.42503208896998,1
9.000975478352959,-10.94191903045433,1
-7.957834191750184,-7.084409365424471,1
14.75451509269068,-0.5652582406697773,1
-13.77468981055052,-3.805293848428681,1
-3.821287479514665,-14.25940460426253,1
-12.35470127260262,-6.567533660091745,1
-9.075588270822015,-11.4427690391209,1
-5.330950019207427,-10.69410823577421,1
1.025705378172899,-14.12654903676659,1
-12.32539809108895,-6.661069165237507,1
10.77519333477378,-9.595038576537938,1
-11.39060357324025,-3.66946851091756,1
-3.701538124903389,-13.75348740323417,1
-13.75445801961458,-0.2356215897347667,1
-11.38013928678183,-4.232914095966339,1
-9.273966858195594,-6.633962791026492,1
5.503674483856405,-13.74269763950333,1
4.753213297423733,-13.76852198457821,1
-12.47567356369423,-0.2479967133753447,1
-13.1781606326254,-5.776579332497292,1
-11.35607941365511,-2.02743042438134,1
1.49502238677734,-13.59155721778088,1
13.65922014874662,-3.342445780075736,1
-9.328521637992962,-5.011633102897421,1
-11.44427621148452,-3.390705447380022,1
9.700563593819194,-10.60879341629264,1
11.24531333867435,-9.160044832956249,1
10.84001585957195,-0.05008156807588839,1
10.32012574527045,-7.411391308303145,1
13.07573672870726,-0.7435320910599653,1
12.67156791997688,-4.243818819781464,1
13.66738249685204,-0.9795949112904433,1
14.11360740031767,-0.8424425835361342,1
-6.163345337488296,-11.68562776015876,1
-13.44152892442782,-0.3521833904388119,1
-11.47493771920031,-0.6770288848278042,1
0.6670209013245143,-14.33805548490787,1
-2.722539473321804,-11.46089826996564,1
-10.79980424304108,-7.2743263791188,1
-2.985978053610898,-14.06549629977517,1
-8.494519565184582,-10.82832370439364,1
10.7799745626152,-6.607365229225318,1
-9.549999686320746,-10.13378872046227,1
-1.309754250822325,-14.86999556852408,1
9.390464557822945,-6.223558262756813,1
10.72538647207429,-9.524913498172733,1
12.70995952543661,-4.083477023881722,1
-10.02417317547031,-8.334474016453958,1
-9.679647012654016,-8.045481837315071,1
8.992200927778752,-5.980619990635934,1
-9.531900615157859,-7.099420320674414,1
-10.11050147003873,-9.708030083575952,1
9.165789325663679,-10.81711231320599,1
11.72033588522147,-4.002557637132512,1
-7.557189315227886,-12.70481657665341,1
12.85039788955322,-7.476706980903185,1
-3.27549160901053,-12.60221238744273,1
-1.089317947237598,-13.64843766979667,1
14.34028148139482,-3.1615406715388,1
-2.094764028929458,-13.98796632636507,1
-10.15307483508156,-9.148786251715062,1
-10.94098557529716,-5.577820453398326,1
-2.10287201713248,-13.66734357097845,1
14.64813407443632,-2.015380702596115,1
5.977303769672139,-11.26327363844196,1
9.398666671977038,-9.585932208013212,1
-13.67411109880153,-0.5456474744487368,1
-5.116243765912095,-11.39566972372892,1
-0.007081968209837902,-11.2969177456407,1
-12.50311188900024,-8.128582498986326,1
-13.80474953836693,-3.273877643962348,1
11.97231135280612,-7.521759310394984,1
-0.05095781226112261,-14.88633175745116,1
1.329069845371936,-13.07159654434791,1
-9.341913584186976,-5.633836805623663,1
9.444090309862062,-6.062814358171262,1
-6.886850869614039,-11.55764116742354,1
-5.726526685700892,-13.51390510094177,1
1.93570028036228,-13.30055807001015,1
7.884863030843099,-7.763748334634285,1
11.10119860435787,-5.021881884899785,1
13.57563968769163,-3.315001079489938,1
8.725300202252784,-9.845394987966404,1
-14.43487706672484,-3.696417446837794,1
-6.01111786422807,-13.44620367570573,1
11.61993584002823,-3.191983335442768,1
11.59816113200127,-5.673635536176774,1
1.519997565362131,-14.24360043520125,1
-12.30526785693672,-7.521599325462891,1
-13.63192542898512,-5.247505368722864,1
-12.64200570082837,-6.845534146932381,1
13.66549266326077,-5.380168122841196,1
0.1357211176069176,-10.83332116389029,1
2.542663215480908,-10.91643419142171,1
13.70133172576327,-1.254647989861373,1
10.66100476521699,-9.17872937771369,1
-11.46743453093445,-4.057981687690527,1
9.772483032627067,-9.349245163458543,1
-12.49457186948346,-4.040586717921157,1
9.325270309274698,-11.30699015396485,1
12.86479327473437,-3.43688555413358,1
-7.165573611888154,-10.96174077406379,1
6.825499688162875,-8.009253382188803,1
1.794900412110629,-14.6273349938338,1
11.41728413831978,-9.41330013249137,1
11.2454898506809,-7.567047804332967,1
-6.293283097484021,-13.45922488455749,1
14.50806186381052,-2.158490407650067,1
7.651247596053227,-11.11634974784854,1
10.18393871877812,-9.248136201030615,1
-0.9524359907460854,-12.36766689281966,1
6.865687506598351,-12.80922195600393,1
-1.744935076046269,-13.18504620730197,1
-13.32974479962565,-0.7078501640290478,1
5.038657796355093,-10.36275012084396,1
12.84510592103716,-2.949326737341479,1
8.7971702368134,-7.480313963909028,1
0.197542903558214,-14.39241568230545,1
7.612213515311245,-12.02191572583574,1
14.79036466816112,-0.2911840878984999,1
5.856220545647844,-11.40884686504249,1
-12.43637082134853,-5.458283687600813,1
6.072360252691347,-12.56684880181868,1
-4.564521915927781,-11.80699545738903,1
9.63129672638358,-6.892009325609157,1
1.441769605383473,-13.27183539953388,1
-6.839918639984832,-10.38071167708093,1
14.76425039796509,-1.364262842841407,1
-6.409141341282294,-10.34781100825073,1
3.066080140828241,-14.02640005651435,1
-12.48920449764597,-1.1822893536808,1
3.092513171310344,-13.20209076032465,1
9.015042098974094,-8.729107613678698,1
9.595451086105559,-9.3094289864001,1
9.688598082994655,-7.928922818675603,1
11.50649559245896,-7.771189757311566,1
6.862132807438202,-11.45228756094744,1
9.516402471222978,-9.664478494078537,1
-14.47029576760874,-3.314337764415884,1
-11.12181206490666,-0.198960945198411,1
-12.79072964839767,-0.6456174873139375,1
14.07666049630092,-0.8666271700184411,1
14.18794671527627,-0.1172695057220019,1
1.417191920679573,-13.34529303582804,1
9.969019153345968,-8.977348515024804,1
10.63903464364892,-0.3242751704579724,1
-2.974716362646902,-14.00755643527369,1
-0.8196736532164266,-14.0356938010388,1
10.60814916800059,-2.88670103978632,1
0.6487899510396828,-14.47613509958731,1
-4.768741837161406,-13.08213750083037,1
-12.7473364834167,-4.643072497198563,1
2.222690525508083,-12.90628812918228,1
7.185451274128709,-12.51938076325874,1
11.4746530651699,-9.43887666322215,1
8.926826893148499,-10.63811830860755,1
-12.89957277006668,-0.9766468601006076,1
11.0903352940323,-8.658586526767227,1
13.63387321625963,-4.114696191197176,1
-5.955762483580802,-11.01061641480989,1
-4.383031024414539,-13.14741769035036,1
7.853982851592981,-10.99249920396852,1
-12.83846706633129,-4.729396428098382,1
1.983260642017526,-13.65159821338717,1
5.659301534783115,-11.82203895934367,1
10.97733472170079,-7.805279927154337,1
12.14435942190205,-4.805968773014346,1
1.674096856687755,-14.47793656836621,1
-4.392303040977536,-10.43784773828672,1
-3.667621768425295,-12.9729640567656,1
-7.182963901783585,-11.87477218904608,1
-7.106378779789581,-11.92051502591641,1
-12.98514412793755,-4.54111751679402,1
-0.03432371991577723,-12.92016104208421,1
12.64804824527072,-6.601802803031005,1
9.060402697769925,-6.288984680470947,1
-13.93597284257074,-1.760118101687088,1
-11.40478993584659,-9.278734438615551,1
-12.60933123537233,-7.10038921655895,1
-7.572768984600937,-11.82090763662852,1
14.410989474845,-4.101767297043157,1
-3.068677529156481,-14.55985459189318,1
14.87959019866396,-1.561907426619518,1
-11.18274453572121,-5.999866008731406,1
-14.44859376931701,-1.332261449492024,1
-14.47360085904011,-3.681762654079504,1
10.58869880404006,-5.208429259823157,1
10.0776284165145,-7.452944662331497,1
0.2528750462538386,-14.74265239450286,1
8.20204288443397,-9.333224372923898,1
5.599388173668567,-10.19058830782382,1
-0.8289966364120914,-11.2563185867363,1
-13.16877067208401,-2.345450224335568,1
-0.03012581902883223,-14.47056023495079,1
-1.589472280876165,-13.67283447078361,1
9.523173625606086,-7.586009953407022,1
1.366395259224848,-12.69079614290623,1
-12.33524999283586,-4.135455335079735,1
-3.416718816108688,-13.36463846698727,1
0.3772375714549825,-12.74214277001868,1
10.91702631708005,-10.03908565052595,1
-10.27971785876382,-10.64413001903947,1
5.144811895523254,-11.23023116541776,1
-5.956304707678345,-13.22537859641989,1
10.77456051596867,-3.938565711436595,1
-8.245683100653178,-7.556537029280624,1
-12.43670401335841,-7.007710001067995,1
-7.095024885535275,-12.98654358527177,1
12.88881424742613,-4.555697509711724,1
9.917796180703775,-6.51356344818633,1
-11.84849631381787,-4.916628012217807,1
5.763803807178652,-12.47034127573547,1
-7.278682559577933,-12.74903750406014,1
10.91413286037458,-7.893655686379105,1
-12.00629299499523,-6.038264897616379,1
-11.20099726468608,-2.431965965490029,1
-4.716639668043396,-10.70098043202346,1
0.6616721548371527,-13.13714439833928,1
-6.272329544231441,-12.54460911564411,1
-10.37885133815024,-9.745338028723037,1
-12.38984953973128,-2.687860806770901,1
14.27551315624804,-4.340918087698224,1
11.09017019028802,-2.726899845428299,1
-6.71853926310922,-12.84794875436861,1
11.90245523445484,-2.997599656143707,1
0.1001508159488064,-14.73579818176167,1
1.528739201145857,-12.21928625117382,1
-11.23931009365016,-8.695771970677391,1
-11.29508349089575,-6.621037804820943,1
2.033958094487289,-14.47984964603707,1
-7.769073617481714,-7.975308287980427,1
11.08447071768998,-4.443704820521977,1
-3.851184594334671,-12.561610780757,1
3.103014843401648,-13.3819001468313,1
-5.074925265430855,-9.637352507091135,1
11.02544232956567,-7.82111436725108,1
13.24749414212048,-4.156153938390708,1
-12.78213629567418,-7.084581945941951,1
-10.63842972260838,-8.720498340167236,1
4.725615588339543,-13.57044453363599,1
-11.79669441629049,-0.7975606298939143,1
-13.10038703099441,-1.04421348136727,1
6.254421041953908,-12.286446930055,1
8.537589406083445,-10.26630049649073,1
2.15050014146583,-12.90086590454091,1
14.4419518830491,-3.46544272790714,1
7.870410684768149,-12.68355571660205,1
-4.094477320217726,-14.08767495335406,1
9.30302975872201,-5.11362629605205,1
-10.50570956224322,-9.013690526100044,1
2.798272252854954,-14.25036138531486,1
7.308293957678654,-11.10683409273372,1
1.121097331673172,-14.74695564845674,1
8.378705048198713,-11.91900298648817,1
14.88946008310896,-0.7517522556761629,1
-4.420784717061229,-14.23836879400807,1
0.03170054562393983,-13.55674365151686,1
10.85562564636574,-0.7503568422511183,1
-13.91758701350562,-3.337069509912663,1
10.17741929370303,-6.281943023848084,1
-14.16980652005717,-3.995590145318038,1
7.470531396502253,-9.931966563378806,1
-7.982942102494764,-12.40540409399112,1
-12.35504354518612,-2.85260138490682,1
4.612807794405679,-12.91104518944656,1
13.75874007101886,-3.099366115062188,1
12.85654378375149,-0.5342770336834212,1
-8.185861413732331,-9.723695032915243,1
13.43863479001591,-4.443662986730582,1
-13.43397525948206,-2.136262992342936,1
-13.37850396790229,-6.470261640264818,1
11.71126025666208,-4.973142538494303,1
-12.20644262952479,-7.969919809018511,1
11.3218099932239,-9.417186639650724,1
0.613717284303488,-10.68162063936525,1
6.670630995063465,-11.83758542272439,1
11.46790057063869,-5.688938852632995,1
7.913432870167976,-7.874544186015658,1
-13.61105666020141,-5.661735455401541,1
-13.86089266189342,-4.821158691298812,1
-9.762084176221872,-7.241143817207617,1
5.018266187143078,-13.73143546915645,1
-11.83259366908674,-7.954274292858526,1
2.843209602661239,-11.65585056886371,1
10.3191512964371,-10.27805396271108,1
13.76756399454795,-4.84909040296955,1
-9.60740354791054,-10.02379300945562,1
-6.561877343642019,-12.02147897410417,1
-5.455583104531382,-11.99982328063942,1
10.55692992637949,-0.8203749607333698,1
14.42533087613815,-2.131941990668687,1
7.844957051798016,-9.146301215061413,1
-7.624798203859768,-11.31889406656081,1
-0.7187586889297181,-13.66776423755251,1
-10.36158796005805,-8.810204688270101,1
-9.811341987725241,-10.86377845600999,1
-7.155882338060876,-11.73857147416675,1
9.962559681987624,-10.52591941737698,1
-13.50889383953388,-2.625013741152089,1
-9.089386944163174,-8.258303475844075,1
11.32905208978517,-7.742401389590658,1
14.45977526117387,-2.723414072845098,1
-7.251913576935081,-12.02102252124294,1
-12.22400058064729,-7.5257273141276,1
12.2015904181732,-5.982985990512809,1
6.072135969919333,-11.97934658109362,1
-13.55596351416575,-5.778566699031846,1
11.78374768439524,-3.807568222922222,1
-0.5134154855170689,-11.95805977672856,1
2.564165461237911,-10.22815252824859,1
-5.494609360279542,-12.0230402710783,1
-12.13735918153397,-0.2499428307403293,1
-0.5062786380173518,-13.56687417643391,1
9.802116617229354,-8.159228967249502,1
0.4514258322738606,-13.64797721141197,1
2.351974130342503,-12.65055753889481,1
-1.152707180004827,-11.68708956530222,1
9.40429982375878,-8.390325976171509,1
10.54918204080661,-7.880831325209741,1
11.36150150330761,-6.020868275603213,1
10.31802750556549,-8.919852244855544,1
9.672141639530404,-8.821463692806972,1
9.472203265945589,-8.428726674266679,1
-1.460916330620625,-12.84291689752116,1
2.674774392185968,-10.86749232119071,1
-0.6209713975796689,-13.30326660672457,1
-3.887168845675714,-10.56892600027766,1
-2.931928872217734,-11.7977813291742,1
10.68760082045835,-1.533704109263919,1
7.821516191333498,-12.38818425064755,1
-9.847796437665057,-7.482918723080166,1
3.048813967469827,-10.9558303087064,1
-8.700945573117089,-8.245263753142192,1
-3.99780037372362,-13.36888122846302,1
-12.194658896168,-3.408576851809611,1
9.859463650368998,-8.202663498354559,1
-5.46873833500063,-9.233833331986972,1
-11.48307773335996,-7.648884241485906,1
-5.314385138877967,-12.37530833688345,1
13.25697337771467,-0.0154348825796617,1
-10.85553845801029,-2.066485868750058,1
3.067750910994794,-10.49324321749706,1
-7.032947231334858,-11.09190576536075,1
-10.9935647597707,-9.784441866889098,1
3.89951902587136,-12.51772122976972,1
7.475841224982732,-11.71957541384368,1
6.414219090467773,-10.47553221243439,1
-7.436453863957515,-11.24102281644931,1
12.97951584200567,-5.135279104753312,1
-9.434022925350684,-9.379373162267164,1
-9.159783470079491,-11.84292684825485,1
-10.91081193328888,-9.067184916589172,1
-10.78388862265068,-6.070118680544443,1
14.5927788098434,-1.946005367018646,1
10.4643513683751,-9.003754771298983,1
-12.8242180425243,-6.571806036369785,1
0.4365581999592049,-14.90453823837321,1
-14.4426278457173,-3.694288708244398,1
9.352446450383589,-4.462507300780275,1
-12.64074349281371,-4.780860529203461,1
-9.435082843948694,-5.655090099508091,1
13.35018526514522,-3.277506428522304,1
-8.491527654929838,-11.76023824426713,1
-8.055730096321669,-9.840076331109586,1
9.455636062600894,-6.652584272382372,1
5.211509270314991,-12.9728530624102,1
0.5547235992943128,-13.89214401154566,1
-4.447756638999502,-13.72812393812661,1
12.72124232833336,-4.900877241799492,1
-10.67875482159744,-7.347768103536715,1
-10.27491590450168,-10.74034977920018,1
-7.467516048529394,-12.04486307825197,1
-12.37740909120705,-6.649954087892187,1
-5.324155092427716,-13.45279792237372,1
-8.949743584407383,-11.54502591220557,1
-3.740986175038791,-14.06934840380013,1
5.377411267521936,-12.14288151591033,1
5.671509681849419,-12.78742613095518,1
0.434252151058365,-12.62127470778515,1
7.739018657326159,-10.42850363335471,1
12.91580881654205,-6.034714102697665,1
-7.564681180229068,-9.063297954799276,1
11.31008448859955,-5.478843469770038,1
-9.565229403719634,-9.069967859664287,1
10.72857365212058,-8.855816613344945,1
-4.857560205825769,-12.80733707784997,1
12.0123200080821,-6.890232403047349,1
9.712338237898997,-10.99496548626626,1
2.406934554484825,-12.55199467465993,1
6.530940682431257,-11.81947736313408,1
1.783104003375702,-12.59363852958503,1
13.092443865388,-4.661331108469432,1
-1.233114904905043,-12.69627675614101,1
2.069607645409521,-12.84142888022633,1
13.79057871689329,-4.148418053385869,1
-5.342859040952901,-10.69201732474506,1
0.5055447311108535,-12.77321677763609,1
10.29970232947093,-6.411442574007176,1
1.712578115298119,-14.18773964501624,1
12.55134991587796,-1.200480150307138,1
11.97155422832519,-2.04456330802774,1
6.636890318473471,-10.19891896037312,1
-6.190042512123153,-13.23561469477306,1
10.37649107252911,-3.369659659250276,1
0.05280852322580466,-10.97315752123211,1
8.970653176784385,-8.114400448155013,1
-12.31814285280505,-2.264039945024319,1
-2.626519525280255,-14.42550443320316,1
-9.614804722234934,-8.680007766539349,1
-5.357914691453879,-11.15348872591951,1
11.26749092957697,-6.293485689697681,1
-10.04995328786078,-6.254824331337344,1
11.79041184983662,-2.020227630997699,1
-3.031390760788383,-13.48622699377816,1
-6.268491518921505,-10.62398867679802,1
3.599886529393007,-12.87409051550324,1
6.786351470537324,-12.09429129098511,1
12.26297151719458,-3.429686386453092,1
-4.99983713269428,-13.4951143017043,1
-14.49203189399285,-1.669781441989203,1
4.757647480257951,-14.03138623664247,1
-14.30692555466506,-2.650733889096445,1
-11.65747923871322,-9.255773150649839,1
0.2728941842526815,-12.5217447109174,1
-1.727492523076827,-13.96520806918561,1
-12.43560137576026,-5.244104459878842,1
11.56182207119415,-6.464462828087615,1
-13.9140689431483,-3.535140265053264,1
-4.461231966071087,-10.6996652259047,1
-5.284386087355484,-13.42563893964709,1
0.388399602922783,-13.23023176945155,1
-0.9936813749934327,-13.51218908058013,1
-11.24885314059663,-6.579635510521376,1
8.943768731133042,-8.36866347372459,1
9.21833164081028,-7.075302425148701,1
9.74724204215247,-11.36655001794338,1
-3.920172153617204,-12.87163540472352,1
-7.065111694817782,-13.19251884617186,1
5.385913391837807,-13.41081249405739,1
-5.218154403438662,-11.84740109743145,1
11.29821646560127,-1.962601808503152,1
3.44528532133815,-13.72391885576068,1
10.80059703318898,-2.508159261404144,1
-12.87101492068563,-6.386461137460833,1
-8.478989652129989,-8.668856215244279,1
-14.18614660045292,-3.621704482817794,1
1.632487609179111,-13.56710842106828,1
11.81463960851458,-3.96096904149238,1
-12.23720758628142,-5.526129268147852,1
-9.037740181011909,-7.827988719174973,1
2.248135392220919,-14.16483836212369,1
13.77754354352985,-4.7939027733139,1
13.74578676931218,-4.234744612815298,1
-2.518854934490014,-14.57713911354975,1
0.1571806062730103,-14.57624408277036,1
-11.07986610716367,-4.315191349956542,1
2.416075055856505,-11.60573777285649,1
-4.673112862363999,-11.64582941175522,1
10.72866933102877,-2.154363638857108,1
1.647792627092387,-11.84360700851719,1
14.39393678905946,-1.6191661466964,1
-11.43971181194042,-1.174194024515495,1
-2.840764365698222,-12.83362656364194,1
-14.28917689015446,-0.04313671428220139,1
-6.962735988924505,-11.46406293944376,1
-10.11388075475359,-4.738250976478624,1
-14.42671989609889,-0.377382611795038,1
1.235510487411453,-14.058288609911,1
3.33228648179889,-13.24710460318484,1
-14.19630701073423,-4.504186552383184,1
-7.483659275998985,-12.27839986660746,1
12.22646820779473,-2.630924142050246,1
1.3610655345307,-11.54619725666444,1
13.98794215898392,-2.740328308946779,1
-9.515557349230663,-7.862426679971017,1
-6.733785171771262,-12.04164413041055,1
-2.67298416241619,-11.56834899191791,1
3.091025558852949,-12.68658627310116,1
7.465515153698949,-11.26204700384467,1
6.858458690343446,-11.43324344963046,1
-11.41964094307238,-1.091840523853209,1
-0.5511633006710746,-14.25373949411909,1
-8.811223558779325,-11.32898440389501,1
0.3777552531001028,-11.15644589808426,1
-13.07471107125374,-6.59705371959037,1
-14.39265980206403,-1.5103983053562,1
9.667709982844885,-6.18207789907408,1
13.02964855236905,-4.295596807362605,1
13.640289811082,-1.018612709765508,1
-2.93892442942178,-12.92955026134356,1
-5.039610878619563,-12.88460195603547,1
-7.026951220519448,-10.21751963771606,1
2.62640702010158,-14.58019594985864,1
9.702700077982055,-7.761549478795815,1
7.945071341897635,-11.86598365743091,1
-8.603062219755387,-6.968176448664974,1
-6.301094342293858,-11.2670135452588,1
7.77512799722914,-12.09482536625687,1
-7.537812194697287,-9.120265711989761,1
-6.104845311220069,-8.896958652693181,1
-0.5000524599804786,-13.4450652273475,1
-8.01034495618733,-11.16426137833382,1
11.82502410460019,-8.013881257484252,1
-13.28590275936312,-2.864000928845134,1
3.342500371605293,-13.29457941446911,1
0.5113860076034128,-13.6248277933544,1
-10.73958358822384,-2.799287255335215,1
7.049144017522869,-10.35640980544771,1
2.227086572062707,-11.81800951953052,1
13.3843741062729,-0.1799394894452938,1
9.145311015280946,-10.2630218388843,1
10.57564850695007,-4.741644111696532,1
11.87565399699509,-4.634698944727013,1
-13.51523981732242,-4.865289701877428,1
0.3320981250629857,-14.19839929941171,1
-6.90214261191376,-10.52195750934403,1
10.78458917707405,-7.659162508599106,1
14.40232117947987,-2.882121951329614,1
-8.243199206246127,-8.562867050067862,1
8.952580359614773,-7.006380177016028,1
-12.5868657266863,-5.793606829480415,1
-2.240103916399464,-12.57553027087649,1
-5.111140407911903,-13.56440210934795,1
-7.728444427025162,-9.539095787498994,1
-13.96732371497214,-4.484308988177609,1
-2.667486981986241,-13.58798763555467,1
12.20730660589143,-0.5384293946900631,1
11.89431655708633,-4.635171753537919,1
-8.102372397447011,-12.46649599840716,1
-3.913346045844319,-13.92014684444907,1
-13.09941552472408,-3.609778320905468,1
-4.207350620357091,-13.30561464715857,1
-9.92596399209852,-10.50904998902994,1
2.327967052554275,-12.53146305697252,1
-3.863217393488413,-11.32658635904224,1
5.473483349244006,-13.33488169413695,1
-10.56006777214083,-9.943933033872518,1
0.5967033472984785,-13.46847714571429,1
11.85457784940339,-0.8362676402450526,1
2.066394307582485,-14.36064656846673,1
-1.732580875922194,-11.3115793523174,1
-10.11430254274537,-9.328829656025103,1
-12.16731557752846,-4.408856678470613,1
8.76688339197705,-8.015234890811595,1
-7.946710283552932,-10.11575815531007,1
-13.29068267542511,-5.452866783128734,1
-13.08744137022239,-5.989400795506294,1
9.273265020317936,-7.696812112638862,1
10.63649651117348,-8.053529279858624,1
0.6209504359791796,-13.24489067410033,1
0.3510553669189495,-12.34162015103016,1
2.387613740508848,-13.75469148643719,1
13.15435593241585,-1.5205926745873,1
11.53505484894646,-8.30453680174748,1
-6.484490430946876,-9.559678993599958,1
-13.64255999282151,-2.655395618738009,1
-6.679441489108845,-12.54901972349506,1
-3.102389294866571,-14.2298098500287,1
-10.63219926117843,-10.39540228053169,1
12.18321476517959,-4.495381123257031,1
6.598564183898616,-9.763165436198259,1
2.114364962971869,-13.01580950958548,1
8.579277444829035,-8.695231149589082,1
13.02525631669,-4.019935360750677,1
8.483427424362119,-7.349187094223795,1
-13.34628261455991,-0.8382605168788044,1
-0.6503153250574824,-14.3301120154023,1
-1.022517065312337,-12.00148221185638,1
-2.894211172696978,-11.66952168379763,1
-12.62456585405542,-3.470848843823352,1
8.851486339207211,-9.675496996840558,1
-12.19051578265632,-1.76665759762136,1
-14.79643454187678,-0.5981860369070547,1
-13.88076460672544,-3.497441585087292,1
-4.070921208061939,-14.10449520565669,1
4.383130084178692,-13.49819822577862,1
-3.164544981225377,-11.52869304516484,1
7.794386947587239,-12.63294037210782,1
12.62700579583241,-4.358728524350846,1
0.6614986629105526,-14.43068574411588,1
-12.79120627119528,-5.250445998426262,1
0.6744505450761724,-11.32754305980334,1
-5.69360183924472,-11.7934641544977,1
-6.846787761987007,-10.99907948050726,1
-2.909336919963863,-12.05281671003582,1
-11.51380857716216,-9.0742146608269,1
13.15495749362455,-3.526408724309404,1
3.081281397930129,-12.32736717539566,1
-9.64039090033447,-7.926613773603728,1
13.04135034431509,-4.775435076060476,1
-9.178268292585372,-8.127927005473799,1
12.79360205764605,-1.521132787511251,1
-13.30820605144873,-5.704796951983532,1
-13.23653747308367,-1.090535539963262,1
12.93572123453627,-2.971347952186329,1
-10.62948437804463,-1.82704741222515,1
-11.82285708709226,-0.6985825553419054,1
-8.887176026389492,-7.313112044228445,1
-10.13538538676477,-3.382009592941248,1
-7.249693939454068,-12.61171993146589,1
13.89171078521707,-0.4453346271226516,1
14.02442115452559,-3.718454388894509,1
-10.88345252554436,-8.908397990082477,1
-12.26344845740513,-5.775504269536227,1
14.86810076390604,-0.7935037689580221,1
-9.387707612921766,-8.051830381758643,1
-9.468021055899436,-9.969568273156288,1
0.5226437417697415,-11.98987536903556,1
7.503751152410396,-10.55737719590011,1
11.56472383867047,-4.494482882530562,1
1.602169494399122,-13.09200798215288,1
11.30774616884244,-8.292150608297248,1
-11.80206655437952,-0.002258198807822336,1
7.428670457362736,-8.409304086780196,1
-12.58749690121288,-4.849312632320164,1
9.128197115584042,-10.35167234565878,1
-8.761518510730253,-10.84307560099088,1
1.180161650953474,-12.58324374745512,1
4.804049536747887,-10.32516608948369,1
4.971084632566034,-13.83111284353665,1
10.11432034940742,-10.16730424887984,1
2.268571265710208,-14.72715134520266,1
-1.045846126248226,-14.184561850095,1
-6.163097037878544,-11.36768541331888,1
13.59928441889162,-3.073191273671058,1
-12.34773925168764,-5.405917823313328,1
-8.406934110197737,-8.31955803551975,1
7.252202346064174,-13.10160323780188,1
14.79032273016605,-1.169356871841931,1
-7.733622987554154,-12.01240602701068,1
13.99664645746626,-5.340742294642821,1
-9.99636789821081,-4.078747520528569,1
6.277689904738635,-12.12994946487108,1
-14.70543723348891,-1.662428520207941,1
-3.803714774366577,-11.81154265492414,1
1.880140994695305,-14.16886720621041,1
12.49738128113566,-6.835597679630242,1
-9.101258096090374,-10.15492736469737,1
9.265520552812369,-7.600200770251134,1
10.36743331502835,-6.192110684098974,1
-1.726324606059143,-13.84055060960032,1
-11.40671133199784,-7.999955535019564,1
5.934908402619274,-11.21899015243728,1
-10.38508316966757,-8.121299257285958,1
-2.763625006796528,-14.29683425838459,1
-10.23189810483747,-9.046331406252744,1
0.92314536609169,-11.01384170692943,1
7.924066228829032,-7.690343857510597,1
10.92383366152683,-1.241282112478254,1
9.095905609235949,-9.164049625187744,1
7.332063689918725,-12.38786485596714,1
-8.944514506317885,-7.28365741034349,1
-9.670896176375502,-5.96749902627268,1
8.541559829352735,-6.948059335811002,1
-12.02284900410998,-2.83520645772008,1
-8.235372130176025,-10.63660567361462,1
-11.35123807540985,-8.84773601651391,1
14.51105218900094,-0.1600114573584809,1
8.601085322618477,-11.2507690048472,1
1.759395712781506,-14.82012892486501,1
8.200747362751342,-10.30100759092638,1
14.74534469673015,-2.741844661670524,1
-0.5076419236300239,-12.1875173800994,1
9.554097065357974,-7.52712120420437,1
-4.654840171751695,-12.84520617762883,1
-5.986305066522669,-13.27336124286044,1
7.687386017503186,-10.40900865813548,1
2.096189236957807,-14.39024140192623,1
-9.562217211956934,-9.244448276010464,1
-13.24961743285215,-6.932776925307289,1
-1.00698837945004,-12.01526806272713,1
-3.589554244110938,-12.32546776051613,1
4.952101852783206,-13.37539810091498,1
8.196158853597383,-11.69700236655742,1
7.505811407600785,-8.590482071751504,1
3.411439927332722,-14.1312686407052,1
-6.159054024446075,-12.89499713716347,1
11.6886009247523,-4.768808990285869,1
-4.751704855293378,-11.14051154376151,1
-11.16010625700498,-6.64351718998915,1
-13.00012410253508,-2.89221659944068,1
-6.259378336212412,-12.7291370662016,1
12.72240313049654,-1.981519554975282,1
4.430815544216404,-12.53230339700501,1
-11.35486832314314,-6.949335411955317,1
-1.2443040715647,-14.75307287259801,1
-13.32142021322378,-1.974266214276157,1
-12.26270710523045,-3.195289508190638,1
-3.885202161260022,-12.7763376025227,1
-9.858891823579787,-10.72200627378794,1
-3.119726034522177,-10.21959161541206,1
-5.913772187977976,-11.90223304294124,1
3.494376182403379,-14.03266419909163,1
-3.569742704183644,-12.41789145129315,1
11.64188732201339,-2.472484702346705,1
0.07413430892124973,-14.45746642985716,1
-3.553605994112669,-12.28854007741008,1
-4.033107743303702,-13.12972176792826,1
13.10709160230588,-3.957831658414804,1
5.755748340119681,-12.68333491288372,1
-9.750692790506802,-8.499917483750338,1
-10.79333346699654,-6.430825992432319,1
11.78772777420349,-7.998661368116547,1
10.95467766581748,-9.332863567059103,1
14.12101493031806,-0.6528218544649322,1
-14.56763010361456,-0.01304097503605755,1
-11.88048775319935,-2.332751340498275,1
-13.86793683729614,-3.341717229392644,1
1.378325360240622,-13.88610664455643,1
2.486341430369925,-10.40379730644938,1
-1.005641098868065,-14.48221639902575,1
-4.163783490669514,-12.22897446990499,1
-10.47964230580513,-7.811996890854148,1
9.60913655368617,-8.343877568859154,1
5.587220478442033,-12.31645800993778,1
8.710267901465416,-12.17468430548234,1
7.52700998127744,-12.77496836933501,1
-9.473601247057395,-9.865641556227892,1
0.3107949018567989,-13.78724896770946,1
-10.99403286844407,-6.920124752445807,1
-5.615171337349705,-11.25837405366036,1
4.46137439658201,-13.35689528232079,1
13.2326559662481,-0.353211127639606,1
12.03899361769602,-8.292348788949933,1
-7.689878034201513,-11.7779115867325,1
-9.817104626268852,-7.710282669298559,1
10.39347644975277,-5.905107561924008,1
